source,target,weight,season
Ned,Robert,192,1
Daenerys,Jorah,154,1
Jon,Sam,121,1
Littlefinger,Ned,107,1
Ned,Varys,96,1
Daenerys,Drogo,91,1
Arya,Ned,90,1
Catelyn,Robb,90,1
Bronn,Tyrion,86,1
Cersei,Ned,86,1
Cersei,Robert,80,1
Littlefinger,Varys,73,1
Shae,Tyrion,73,1
Catelyn,Ned,69,1
Joffrey,Sansa,69,1
Ned,Pycelle,68,1
Daenerys,Viserys,66,1
Sansa,Septa_Mordane,64,1
Tyrion,Tywin,61,1
Jeor,Jon,60,1
Robb,Theon,60,1
Cersei,Joffrey,54,1
Arya,Sansa,53,1
Bran,Maester_Luwin,53,1
Jaime,Ned,53,1
Ned,Sansa,49,1
Bran,Robb,48,1
Loras,Renly,47,1
Cersei,Jaime,46,1
Daenerys,Mirri_Maz_Duur,45,1
Jon,Tyrion,45,1
Arya,Syrio_Forel,44,1
Jory_Cassel,Ned,44,1
Jorah,Viserys,43,1
Jon,Pyp,42,1
Catelyn,Tyrion,41,1
Ros,Theon,40,1
Joffrey,Ned,39,1
Cersei,Sansa,36,1
Grenn,Pyp,36,1
Catelyn,Walder,34,1
Daenerys,Doreah,34,1
Jaime,Tyrion,34,1
Jaime,Tywin,34,1
Benjen,Jon,33,1
Daenerys,Irri,32,1
Greatjon_Umber,Robb,31,1
Mord,Tyrion,31,1
Catelyn,Lysa,30,1
Doreah,Viserys,30,1
Jorah,Rakharo,30,1
Lysa,Robin,30,1
Lysa,Tyrion,30,1
Ned,Renly,30,1
Pyp,Sam,30,1
Renly,Robert,30,1
Bran,Ned,29,1
Bran,Osha,29,1
Jon,Ned,29,1
Bran,Catelyn,28,1
Catelyn,Jaime,28,1
Catelyn,Rodrik,28,1
Daenerys,Qotho,28,1
Joffrey,Robert,28,1
Jon,Maester_Aemon,28,1
Drogo,Viserys,27,1
Jaime,Jory_Cassel,27,1
Bran,Theon,26,1
Catelyn,Littlefinger,26,1
Catelyn,Maester_Luwin,26,1
Barristan,Ned,25,1
Illyrio,Viserys,25,1
Jon,Robb,25,1
Osha,Theon,25,1
Arya,Joffrey,24,1
Grenn,Jon,24,1
Ned,Robb,23,1
Barristan,Robert,22,1
Catelyn,Cersei,22,1
Littlefinger,Sansa,22,1
Shagga,Tyrion,22,1
Tyrion,Yoren,22,1
Alliser_Thorne,Jon,20,1
Arya,Jon,20,1
Drogo,Jorah,20,1
Jaime,Robert,20,1
Bran,Jon,19,1
Daenerys,Wine_Merchant,19,1
Hound,Sansa,19,1
Littlefinger,Pycelle,19,1
Littlefinger,Ros,19,1
Theon,Tyrion,19,1
Alliser_Thorne,Sam,18,1
Arya,Yoren,18,1
Cersei,Tyrion,18,1
Benjen,Tyrion,17,1
Daenerys,Rakharo,17,1
Jeor,Sam,17,1
Littlefinger,Renly,17,1
Maester_Luwin,Robb,17,1
Robert,Sansa,17,1
Ros,Tyrion,17,1
Catelyn,Theon,16,1
Grenn,Sam,16,1
Hound,Joffrey,16,1
Robb,Tyrion,16,1
Bran,Tyrion,15,1
Catelyn,Robert,15,1
Jeor,Tyrion,15,1
Joffrey,Tyrion,15,1
Joffrey,Varys,15,1
Lancel,Robert,15,1
Mirri_Maz_Duur,Qotho,15,1
Ned,Yoren,15,1
Pycelle,Varys,15,1
Benjen,Ned,14,1
Bran,Rickon,14,1
Catelyn,Jon,14,1
Catelyn,Sansa,14,1
Joffrey,Marillion,14,1
Kevan,Tyrion,14,1
Littlefinger,Robert,14,1
Barristan,Cersei,13,1
Catelyn,Vardis_Egen,13,1
Cersei,Varys,13,1
Daenerys,Rhaego,13,1
Janos,Ned,13,1
Joffrey,Pycelle,13,1
Maester_Luwin,Theon,13,1
Ned,Theon,13,1
Pycelle,Sansa,13,1
Gendry,Ned,12,1
Hot_Pie,Lommy_Greenhands,12,1
Joffrey,Littlefinger,12,1
Joffrey,Meryn_Trant,12,1
Joffrey,Robb,12,1
Jon_Arryn,Ned,12,1
Kevan,Tywin,12,1
Maester_Luwin,Osha,12,1
Arya,Septa_Mordane,11,1
Bran,Hodor,11,1
Bronn,Shae,11,1
Catelyn,Greatjon_Umber,11,1
Catelyn,Varys,11,1
Greatjon_Umber,Theon,11,1
Irri,Rakharo,11,1
Meryn_Trant,Syrio_Forel,11,1
Ned,Tyrion,11,1
Ned,Tywin,11,1
Pycelle,Robert,11,1
Renly,Stannis,11,1
Robb,Rodrik,11,1
Robert,Varys,11,1
Alliser_Thorne,Pyp,10,1
Arya,Robert,10,1
Catelyn,Robin,10,1
Daenerys,Illyrio,10,1
Drogo,Mago,10,1
Hound,Ned,10,1
Hound,Tyrion,10,1
Jaime,Jon,10,1
Jaime,Robb,10,1
Jeor,Pyp,10,1
Joffrey,Mycah,10,1
Jorah,Wine_Merchant,10,1
Meryn_Trant,Sansa,10,1
Ned,Rodrik,10,1
Ned,Stannis,10,1
Ned,Tobho_Mott,10,1
Pyp,Rast,10,1
Alliser_Thorne,Jeor,9,1
Arya,Cersei,9,1
Bran,Jaime,9,1
Bran,Old_Nan,9,1
Cersei,Pycelle,9,1
Drogo,Mirri_Maz_Duur,9,1
Illyrio,Varys,9,1
Irri,Jorah,9,1
Jeor,Maester_Aemon,9,1
Mhaegen,Ned,9,1
Ned,Septa_Mordane,9,1
Pycelle,Ros,9,1
Renly,Varys,9,1
Robb,Sansa,9,1
Robin,Tyrion,9,1
Rodrik,Tyrion,9,1
Vardis_Egen,Tyrion,9,1
Aerys,Ned,8,1
Baelor,Ned,8,1
Cersei,Littlefinger,8,1
Cersei,Robb,8,1
Daenerys,Mago,8,1
Dareon,Pyp,8,1
Hound,Meryn_Trant,8,1
Jorah,Mirri_Maz_Duur,8,1
Osha,Robb,8,1
Pycelle,Renly,8,1
Robert,Tywin,8,1
Rodrik,Theon,8,1
Sansa,Varys,8,1
Aerys,Robert,7,1
Alliser_Thorne,Grenn,7,1
Arya,Catelyn,7,1
Arya,Gendry,7,1
Arya,Hound,7,1
Arya,Jory_Cassel,7,1
Arya,Stable_Boy,7,1
Arya,Varys,7,1
Bran,Robert,7,1
Bronn,Catelyn,7,1
Greatjon_Umber,Rodrik,7,1
Hugh_Of_The_Vale,Jory_Cassel,7,1
Jon,Rast,7,1
Jon,Theon,7,1
Jon_Arryn,Robert,7,1
Jory_Cassel,Littlefinger,7,1
Lysa,Vardis_Egen,7,1
Maester_Aemon,Tyrion,7,1
Maester_Luwin,Tyrion,7,1
Robert,Tyrion,7,1
Robert,Viserys,7,1
Arya,Robb,6,1
Barristan,Varys,6,1
Bronn,Rodrik,6,1
Drogo,Illyrio,6,1
Drogo,Qotho,6,1
Drogo,Rhaego,6,1
Grenn,Rast,6,1
Grenn,Tyrion,6,1
Hound,Robert,6,1
Hugh_Of_The_Vale,Ned,6,1
Jaime,Joffrey,6,1
Jeor,Othell_Yarwyck,6,1
Jeor,Othor,6,1
Littlefinger,Mountain,6,1
Littlefinger,Tyrion,6,1
Maester_Aemon,Pyp,6,1
Maester_Aemon,Sam,6,1
Ned,Syrio_Forel,6,1
Ned,Tomard,6,1
Othell_Yarwyck,Sam,6,1
Pyp,Tyrion,6,1
Rast,Sam,6,1
Shagga,Tywin,6,1
Arya,Baelor,5,1
Arya,Bran,5,1
Arya,Hot_Pie,5,1
Arya,Littlefinger,5,1
Arya,Meryn_Trant,5,1
Arya,Mycah,5,1
Barristan,Joffrey,5,1
Benjen,Robb,5,1
Benjen,Yoren,5,1
Bran,Rodrik,5,1
Bronn,Lysa,5,1
Bronn,Shagga,5,1
Bronn,Tywin,5,1
Catelyn,Mord,5,1
Daenerys,Robert,5,1
Doreah,Irri,5,1
Drogo,Rakharo,5,1
Gared,Royce,5,1
Gendry,Tobho_Mott,5,1
Hound,Littlefinger,5,1
Hound,Mountain,5,1
Jaime,Kevan,5,1
Jaime,Littlefinger,5,1
Janos,Varys,5,1
Joffrey,Septa_Mordane,5,1
Jon,Othell_Yarwyck,5,1
Jon,Othor,5,1
Jon_Arryn,Littlefinger,5,1
Jon_Arryn,Lysa,5,1
Jonos_Bracken,Robb,5,1
Jorah,Qotho,5,1
Lysa,Mord,5,1
Maester_Luwin,Ned,5,1
Marillion,Rodrik,5,1
Marillion,Tyrion,5,1
Masha_Heddle,Tyrion,5,1
Mountain,Ned,5,1
Renly,Sansa,5,1
Robb,Robert,5,1
Robb,Tywin,5,1
Robb,Walder,5,1
Robert,Stannis,5,1
Aerys,Rickard_Stark,4,1
Alliser_Thorne,Rast,4,1
Arya,Ilyn_Payne,4,1
Baelor,Yoren,4,1
Barristan,Jaime,4,1
Barristan,Littlefinger,4,1
Barristan,Pycelle,4,1
Bran,Cersei,4,1
Bronn,Vardis_Egen,4,1
Catelyn,Jon_Arryn,4,1
Catelyn,Marillion,4,1
Catelyn,Tywin,4,1
Cersei,Hound,4,1
Daenerys,Varys,4,1
Dareon,Jon,4,1
Dareon,Sam,4,1
Gared,Will,4,1
Grenn,Jeor,4,1
Hound,Loras,4,1
Hugh_Of_The_Vale,Littlefinger,4,1
Ilyn_Payne,Joffrey,4,1
Ilyn_Payne,Ned,4,1
Ilyn_Payne,Sansa,4,1
Ilyn_Payne,Yoren,4,1
Jaime,Ros,4,1
Jaime,Theon,4,1
Jory_Cassel,Robert,4,1
Lancel,Ned,4,1
Littlefinger,Septa_Mordane,4,1
Littlefinger,Tywin,4,1
Loras,Mountain,4,1
Loras,Ned,4,1
Loras,Sansa,4,1
Lyanna,Ned,4,1
Mirri_Maz_Duur,Rakharo,4,1
Mountain,Robert,4,1
Mountain,Sansa,4,1
Mycah,Sansa,4,1
Ned,Rickard_Stark,4,1
Old_Nan,Robb,4,1
Royce,Will,4,1
Ryger_Rivers,Walder,4,1
Sansa,Yoren,4,1
Shae,Tywin,4,1
Stevron_Frey,Walder,4,1
Waymar_Royce,Will,4,1
Addam_Marbrand,Kevan,3,1
Addam_Marbrand,Leo_Lefford,3,1
Aerys,Jaime,3,1
Aerys,Rhaegar,3,1
Alliser_Thorne,Othell_Yarwyck,3,1
Arya,Jaime,3,1
Arya,Pycelle,3,1
Assassin,Catelyn,3,1
Baelor,Ilyn_Payne,3,1
Balon,Theon,3,1
Barristan,Lancel,3,1
Barristan,Renly,3,1
Beric,Ned,3,1
Bran,Will,3,1
Brandon_Stark,Ned,3,1
Bronn,Mord,3,1
Bronn,Robin,3,1
Catelyn,Hoster,3,1
Catelyn,Joffrey,3,1
Catelyn,Masha_Heddle,3,1
Catelyn,Yoren,3,1
Cersei,Ilyn_Payne,3,1
Cersei,Jon,3,1
Cersei,Jon_Arryn,3,1
Cersei,Lancel,3,1
Cersei,Renly,3,1
Cersei,Tywin,3,1
Cohollo,Drogo,3,1
Daenerys,Ned,3,1
Doreah,Drogo,3,1
Doreah,Wine_Merchant,3,1
Gendry,Hot_Pie,3,1
Greatjon_Umber,Jaime,3,1
Greatjon_Umber,Tywin,3,1
Hodor,Robb,3,1
Hodor,Theon,3,1
Hodor,Tyrion,3,1
Hoster,Walder,3,1
Hound,Ilyn_Payne,3,1
Irri,Jhiqui,3,1
Irri,Viserys,3,1
Janos,Renly,3,1
Jeor,Ned,3,1
Jeor,Robert,3,1
Joffrey,Renly,3,1
Joffrey,Tywin,3,1
Joffrey,Yoren,3,1
Jon,Robert,3,1
Jon,Will,3,1
Jon_Arryn,Pycelle,3,1
Jon_Arryn,Robin,3,1
Jorah,Rhaego,3,1
Littlefinger,Stannis,3,1
Loras,Robert,3,1
Lyanna,Robert,3,1
Meryn_Trant,Ned,3,1
Mord,Robin,3,1
Mord,Vardis_Egen,3,1
Mycah,Ned,3,1
Myrcella,Tyrion,3,1
Ned,Pyp,3,1
Ned,Will,3,1
Osha,Rickon,3,1
Qotho,Rakharo,3,1
Rakharo,Viserys,3,1
Rakharo,Wine_Merchant,3,1
Rast,Tyrion,3,1
Renly,Robb,3,1
Rickon,Robb,3,1
Robin,Vardis_Egen,3,1
Theon,Walder,3,1
Varys,Yoren,3,1
Addam_Marbrand,Tywin,2,1
Aegon,Aerys,2,1
Aegon,Maester_Aemon,2,1
Aerys,Barristan,2,1
Aerys,Catelyn,2,1
Aerys,Jorah,2,1
Aerys,Maester_Aemon,2,1
Aerys,Renly,2,1
Aerys,Sansa,2,1
Aerys,Septa_Mordane,2,1
Alliser_Thorne,Maester_Aemon,2,1
Arya,Illyrio,2,1
Arya,Lommy_Greenhands,2,1
Arya,Tyrion,2,1
Assassin,Bran,2,1
Assassin,Robb,2,1
Baelor,Cersei,2,1
Baelor,Hound,2,1
Baelor,Joffrey,2,1
Baelor,Pycelle,2,1
Baelor,Sansa,2,1
Balon,Tyrion,2,1
Benjen,Catelyn,2,1
Benjen,Cersei,2,1
Benjen,Jeor,2,1
Benjen,Robert,2,1
Beric,Robert,2,1
Borcas,Dareon,2,1
Borcas,Pyp,2,1
Bowen_Marsh,Dareon,2,1
Bowen_Marsh,Pyp,2,1
Bran,Brandon_Stark,2,1
Bran,Hound,2,1
Brandon_Stark,Catelyn,2,1
Brandon_Stark,Jon,2,1
Brandon_Stark,Rickard_Stark,2,1
Bronn,Kevan,2,1
Bronn,Marillion,2,1
Catelyn,Daenerys,2,1
Catelyn,Hound,2,1
Catelyn,Stevron_Frey,2,1
Cersei,Jeor,2,1
Cersei,Lyanna,2,1
Cersei,Meryn_Trant,2,1
Cersei,Ros,2,1
Cersei,Stannis,2,1
Cersei,Yoren,2,1
Daenerys,Jhiqui,2,1
Daenerys,Sansa,2,1
Dareon,Grenn,2,1
Dareon,Jeor,2,1
Dareon,Luke,2,1
Dareon,Maester_Aemon,2,1
Dareon,Rast,2,1
Doreah,Irogenia,2,1
Doreah,Jhiqui,2,1
Doreah,Jorah,2,1
Drogo,Irri,2,1
Drogo,Robert,2,1
Galbart_Glover,Greatjon_Umber,2,1
Galbart_Glover,Jonos_Bracken,2,1
Galbart_Glover,Robb,2,1
Gendry,Varys,2,1
Gendry,Yoren,2,1
Greatjon_Umber,Ned,2,1
Greatjon_Umber,Renly,2,1
Greatjon_Umber,Rickard_Karstark,2,1
Greatjon_Umber,Stannis,2,1
Greatjon_Umber,Walder,2,1
High_Septon,Ned,2,1
Hodor,Osha,2,1
Hound,Jaime,2,1
Hound,Robb,2,1
Hound,Yoren,2,1
Hugh_Of_The_Vale,Jon_Arryn,2,1
Hugh_Of_The_Vale,Mountain,2,1
Hugh_Of_The_Vale,Sansa,2,1
Illyrio,Jorah,2,1
Ilyn_Payne,Meryn_Trant,2,1
Ilyn_Payne,Varys,2,1
Jaime,Jon_Arryn,2,1
Jaime,Rickard_Stark,2,1
Jaime,Sansa,2,1
Jaime,Tysha,2,1
Janos,Littlefinger,2,1
Janos,Pycelle,2,1
Jaremy_Rykker,Jeor,2,1
Jaremy_Rykker,Othell_Yarwyck,2,1
Jaremy_Rykker,Pyp,2,1
Jeor,Joffrey,2,1
Joanna,Tyrion,2,1
Joffrey,Jon,2,1
Joffrey,Tommen,2,1
Joffrey,Will,2,1
Jon,Rodrik,2,1
Jon,Ros,2,1
Jon_Arryn,Varys,2,1
Jorah,Little_Bird,2,1
Jorah,Ned,2,1
Jorah,Varys,2,1
Jory_Cassel,Mhaegen,2,1
Jory_Cassel,Theon,2,1
Joyeuse,Walder,2,1
Kevan,Leo_Lefford,2,1
Kevan,Shagga,2,1
Lancel,Renly,2,1
Leo_Lefford,Tyrion,2,1
Littlefinger,Loras,2,1
Littlefinger,Mhaegen,2,1
Littlefinger,Yoren,2,1
Loras,Mace,2,1
Luke,Pyp,2,1
Maester_Luwin,Robert,2,1
Maester_Luwin,Rodrik,2,1
Maester_Luwin,Sansa,2,1
Marillion,Meryn_Trant,2,1
Marillion,Yoren,2,1
Melessa,Sam,2,1
Mord,Rodrik,2,1
Ned,Roose_Bolton,2,1
Ned,Ros,2,1
Ned,Steffon,2,1
Ned,Varly,2,1
Old_Nan,Theon,2,1
Othell_Yarwyck,Pyp,2,1
Othor,Pyp,2,1
Othor,Sam,2,1
Pycelle,Tywin,2,1
Pycelle,Yoren,2,1
Randyll,Sam,2,1
Renly,Tomard,2,1
Rhaegar,Robert,2,1
Rhaego,Viserys,2,1
Rickard_Karstark,Robb,2,1
Rickard_Karstark,Theon,2,1
Robb,Stannis,2,1
Robb,Varys,2,1
Robert,Ros,2,1
Robert,Tommen,2,1
Rodrik,Tywin,2,1
Sansa,Stannis,2,1
Stannis,Tomard,2,1
Theon,Will,2,1
Tyrion,Tysha,2,1
Tyrion,Varys,2,1
Cersei,Tyrion,177,2
Daenerys,Jorah,119,2
Arya,Jaqen,113,2
Davos,Stannis,111,2
Jon,Ygritte,110,2
Robb,Talisa,108,2
Arya,Tywin,103,2
Tyrion,Varys,103,2
Shae,Tyrion,95,2
Bronn,Tyrion,87,2
Theon,Yara,87,2
Catelyn,Robb,82,2
Daenerys,Xaro,80,2
Joffrey,Tyrion,79,2
Arya,Gendry,78,2
Cersei,Sansa,73,2
Jon,Qhorin,71,2
Sansa,Shae,60,2
Balon,Theon,59,2
Daenerys,Spice_King,58,2
Davos,Matthos,57,2
Melisandre,Stannis,57,2
Bran,Osha,56,2
Joffrey,Sansa,56,2
Brienne,Catelyn,54,2
Cersei,Joffrey,50,2
Brienne,Jaime,49,2
Pycelle,Tyrion,49,2
Dagmer,Theon,48,2
Hound,Joffrey,48,2
Maester_Luwin,Theon,48,2
Bran,Theon,47,2
Alton,Jaime,46,2
Arya,Hot_Pie,43,2
Davos,Melisandre,40,2
Hound,Sansa,40,2
Renly,Stannis,40,2
Janos,Tyrion,39,2
Jon,Sam,39,2
Loras,Tyrion,38,2
Jeor,Jon,37,2
Lancel,Tyrion,37,2
Podrick,Tyrion,37,2
Osha,Theon,36,2
Margaery,Renly,35,2
Eddison_Tollett,Sam,34,2
Grenn,Sam,34,2
Robb,Roose_Bolton,34,2
Littlefinger,Tyrion,33,2
Bran,Rickon,32,2
Brienne,Renly,31,2
Daenerys,Kovarro,31,2
Jaime,Robb,31,2
Catelyn,Renly,30,2
Bran,Maester_Luwin,29,2
Craster,Jeor,29,2
Hound,Tyrion,29,2
Bran,Hodor,28,2
Gendry,Hot_Pie,28,2
Littlefinger,Margaery,28,2
Littlefinger,Tywin,28,2
Qhorin,Ygritte,28,2
Cersei,Littlefinger,27,2
Davos,Salladhor,27,2
Eddison_Tollett,Grenn,27,2
Catelyn,Jaime,25,2
Cersei,Tommen,25,2
Sansa,Tyrion,25,2
Catelyn,Littlefinger,24,2
Cersei,Lancel,24,2
Gilly,Sam,24,2
Loras,Renly,24,2
Daenerys,Pyatt_Pree,23,2
Loras,Margaery,23,2
Rodrik,Theon,23,2
Alton,Robb,22,2
Hodor,Osha,22,2
Ros,Varys,22,2
Black_Lorren,Theon,21,2
Cersei,Shae,21,2
Matthos,Stannis,21,2
Robb,Theon,21,2
Arya,Yoren,20,2
Daenerys,Doreah,20,2
Littlefinger,Renly,20,2
Spice_King,Xaro,20,2
Stannis,Tyrion,20,2
Bran,Rodrik,18,2
Jorah,Quaithe,18,2
Captains_Daughter,Theon,17,2
Catelyn,Rickard_Karstark,17,2
Cersei,Pycelle,17,2
Craster,Jon,17,2
Daisy,Ros,17,2
Amory,Arya,16,2
Arya,Rorge,16,2
Cressen,Davos,16,2
Hodor,Rickon,16,2
Lord_Of_Bones,Ygritte,16,2
Balon,Yara,15,2
Cersei,Tywin,15,2
Daenerys,Irri,15,2
Jorah,Kovarro,15,2
Littlefinger,Loras,15,2
Osha,Rickon,15,2
Amory,Tywin,14,2
Maester_Luwin,Osha,14,2
Matthos,Salladhor,14,2
Bronn,Hound,13,2
Catelyn,Stannis,13,2
Cersei,Jaime,13,2
Dontos,Joffrey,13,2
Doreah,Xaro,13,2
Haylene,Tyrion,13,2
Jeor,Qhorin,13,2
Joffrey,Meryn_Trant,13,2
Littlefinger,Ros,13,2
Meryn_Trant,Tyrion,13,2
Myrcella,Tyrion,13,2
Cersei,Myrcella,12,2
Daenerys,Rakharo,12,2
Davos,Renly,12,2
Jaime,Tyrion,12,2
Joffrey,Lancel,12,2
Joffrey,Robb,12,2
Jon,Lord_Of_Bones,12,2
Jorah,Xaro,12,2
Mountain,Tywin,12,2
Ned,Robb,12,2
Rickard_Karstark,Robb,12,2
Bronn,Varys,11,2
Catelyn,Talisa,11,2
Cersei,Janos,11,2
Cersei,Varys,11,2
Shae,Varys,11,2
Tyrion,Tywin,11,2
Bronn,Haylene,10,2
Cressen,Melisandre,10,2
Daenerys,Drogo,10,2
Gilly,Jon,10,2
Hot_Pie,Lommy,10,2
Jeor,Sam,10,2
Kovarro,Xaro,10,2
Meryn_Trant,Sansa,10,2
Ned,Tyrion,10,2
Podrick,Varys,10,2
Qhorin,Lord_Of_Bones,10,2
Alton,Cersei,9,2
Bronn,Joffrey,9,2
Catelyn,Loras,9,2
Hodor,Maester_Luwin,9,2
Hound,Lancel,9,2
Jaqen,Rorge,9,2
Joffrey,Ros,9,2
Joffrey,Stannis,9,2
Joffrey,Tywin,9,2
Kevan,Tywin,9,2
Littlefinger,Sansa,9,2
Littlefinger,Varys,9,2
Mance,Qhorin,9,2
Pyatt_Pree,Xaro,9,2
Sansa,Tommen,9,2
Amory,Yoren,8,2
Arya,Biter,8,2
Arya,Littlefinger,8,2
Balon,Robb,8,2
Biter,Rorge,8,2
Catelyn,Jacks,8,2
Catelyn,Ned,8,2
Eddison_Tollett,Jon,8,2
Jaime,Tywin,8,2
Joffrey,Loras,8,2
Joffrey,Myrcella,8,2
Littlefinger,Stannis,8,2
Mandon,Tyrion,8,2
Melisandre,Renly,8,2
Pycelle,Varys,8,2
Reginald,Tywin,8,2
Renly,Robb,8,2
Robb,Tywin,8,2
Arya,Cersei,7,2
Arya,Polliver,7,2
Arya,Robb,7,2
Black_Lorren,Dagmer,7,2
Bran,Robb,7,2
Brienne,Jacks,7,2
Brienne,Loras,7,2
Daisy,Joffrey,7,2
Doreah,Jorah,7,2
Gendry,Yoren,7,2
Jaime,Joffrey,7,2
Joffrey,Littlefinger,7,2
Joffrey,Varys,7,2
Theon,Winterfell_Shepherd,7,2
Arya,Lommy,6,2
Arya,Mountain,6,2
Arya,Sansa,6,2
Bran,Dagmer,6,2
Bran,Farlen,6,2
Bronn,Lancel,6,2
Bronn,Pycelle,6,2
Catelyn,Sansa,6,2
Cersei,Hound,6,2
Cersei,Ned,6,2
Cersei,Robert,6,2
Craster,Gilly,6,2
Gendry,Tickler,6,2
Grenn,Jon,6,2
Joffrey,Tommen,6,2
Lommy,Polliver,6,2
Mance,Ygritte,6,2
Mandon,Podrick,6,2
Rickon,Theon,6,2
Robb,Stannis,6,2
Roose_Bolton,Talisa,6,2
Alton,Torrhen,5,2
Arya,Catelyn,5,2
Arya,Joffrey,5,2
Arya,Tickler,5,2
Balon,Ned,5,2
Biter,Jaqen,5,2
Brienne,Margaery,5,2
Brienne,Robb,5,2
Brienne,Stannis,5,2
Bronn,Meryn_Trant,5,2
Catelyn,Margaery,5,2
Catelyn,Tyrion,5,2
Cersei,Loras,5,2
Cersei,Stannis,5,2
Craster,Sam,5,2
Cressen,Stannis,5,2
Dagmer,Maester_Luwin,5,2
Drowned_Priest,Theon,5,2
Gerard,Renly,5,2
Hodor,Theon,5,2
Hound,Meryn_Trant,5,2
Jaime,Ned,5,2
Joffrey,Podrick,5,2
Joffrey,Robert,5,2
Jon,Mance,5,2
Jorah,Pyatt_Pree,5,2
Loras,Stannis,5,2
Maester_Luwin,Rodrik,5,2
Myrcella,Sansa,5,2
Myrcella,Tommen,5,2
Ned,Theon,5,2
Pycelle,Timett,5,2
Qhorin,Sam,5,2
Robb,Rodrik,5,2
Robb,Sansa,5,2
Robert,Stannis,5,2
Tywin,Varys,5,2
Aerys,Jaime,4,2
Alton,Rickard_Karstark,4,2
Arya,Ned,4,2
Barra,Mhaegen,4,2
Bronn,Sansa,4,2
Bronn,Timett,4,2
Catelyn,Colen,4,2
Catelyn,Roose_Bolton,4,2
Cersei,Podrick,4,2
Cersei,Robb,4,2
Daenerys,Quaithe,4,2
Daenerys,Rhaego,4,2
Daenerys,Silk_King,4,2
Dagmer,Rickon,4,2
Dontos,Meryn_Trant,4,2
Doreah,Irri,4,2
Doreah,Kovarro,4,2
Eddison_Tollett,Gilly,4,2
Gendry,Jaqen,4,2
Gendry,Lommy,4,2
Gendry,Tywin,4,2
Haylene,Hound,4,2
Haylene,Joffrey,4,2
Hound,Podrick,4,2
Ilyn_Payne,Sansa,4,2
Ilyn_Payne,Shae,4,2
Jaime,Rickard_Karstark,4,2
Jaime,Stannis,4,2
Janos,Joffrey,4,2
Janos,Littlefinger,4,2
Janos,Mhaegen,4,2
Janos,Ros,4,2
Joffrey,Mandon,4,2
Joffrey,Margaery,4,2
Jon,Ned,4,2
Lancel,Sansa,4,2
Littlefinger,Pycelle,4,2
Maester_Luwin,Rickon,4,2
Matthos,Melisandre,4,2
Ned,Robert,4,2
Ned,Stannis,4,2
Rickard_Karstark,Torrhen,4,2
Robb,Yara,4,2
Stannis,Varys,4,2
Alton,Tyrion,3,2
Amory,Jaqen,3,2
Amory,Polliver,3,2
Arya,Hound,3,2
Arya,Visenya,3,2
Black_Lorren,Rodrik,3,2
Bran,Joffrey,3,2
Bran,Winterfell_Shepherd,3,2
Bronn,Janos,3,2
Bronn,Podrick,3,2
Bronn,Tywin,3,2
Catelyn,Joffrey,3,2
Cersei,Ilyn_Payne,3,2
Cersei,Mandon,3,2
Cersei,Meryn_Trant,3,2
Craster,Eddison_Tollett,3,2
Daenerys,Malakko,3,2
Dagmer,Osha,3,2
Dagmer,Rodrik,3,2
Drogo,Rhaego,3,2
Farlen,Theon,3,2
Gendry,Mountain,3,2
Gendry,Rorge,3,2
Hot_Pie,Jaqen,3,2
Hot_Pie,Mountain,3,2
Hound,Shae,3,2
Irri,Kovarro,3,2
Irri,Xaro,3,2
Jaime,Matthos,3,2
Jaime,Robert,3,2
Jaime,Torrhen,3,2
Janos,Podrick,3,2
Janos,Varys,3,2
Jaqen,Tywin,3,2
Joffrey,Ned,3,2
Joffrey,Pycelle,3,2
Joffrey,Talisa,3,2
Jon_Arryn,Ned,3,2
Jorah,Spice_King,3,2
Kovarro,Malakko,3,2
Kovarro,Pyatt_Pree,3,2
Lancel,Stannis,3,2
Littlefinger,Robb,3,2
Littlefinger,Robin,3,2
Loras,Pycelle,3,2
Loras,Tywin,3,2
Maester_Luwin,Portan,3,2
Maester_Luwin,Winterfell_Shepherd,3,2
Malakko,Xaro,3,2
Mance,Lord_Of_Bones,3,2
Mountain,Polliver,3,2
Myrcella,Robin,3,2
Ned,Varys,3,2
Ned,Yara,3,2
Podrick,Pycelle,3,2
Podrick,Shae,3,2
Pyatt_Pree,Spice_King,3,2
Pycelle,Robert,3,2
Pycelle,Tywin,3,2
Quent,Robb,3,2
Renly,Robert,3,2
Robb,Septon,3,2
Robert,Tyrion,3,2
Robin,Tyrion,3,2
Rorge,Yoren,3,2
Sansa,Tywin,3,2
Shae,Tommen,3,2
Stannis,Tywin,3,2
Theon,Varys,3,2
Timett,Tyrion,3,2
Tommen,Tyrion,3,2
Aegon,Arya,2,2
Aerys,Pycelle,2,2
Aerys,Robert,2,2
Aerys,Tywin,2,2
Alton,Talisa,2,2
Amory,Hot_Pie,2,2
Arya,Kevan,2,2
Arya,Reginald,2,2
Arya,Rhaenys,2,2
Arya,Syrio_Forel,2,2
Arya,Tyrion,2,2
Balon,Catelyn,2,2
Barra,Janos,2,2
Benjen,Craster,2,2
Billy,Rickon,2,2
Biter,Yoren,2,2
Black_Lorren,Maester_Luwin,2,2
Black_Lorren,Osha,2,2
Boros,Joffrey,2,2
Bran,Catelyn,2,2
Bran,Sansa,2,2
Brienne,Colen,2,2
Brienne,Davos,2,2
Brienne,Littlefinger,2,2
Brienne,Melisandre,2,2
Brienne,Rickard_Karstark,2,2
Bronn,Cersei,2,2
Bronn,Shae,2,2
Catelyn,Davos,2,2
Catelyn,Melisandre,2,2
Catelyn,Rickon,2,2
Cersei,Davos,2,2
Cersei,Haylene,2,2
Cersei,Joanna,2,2
Cersei,Matthos,2,2
Cersei,Salladhor,2,2
Colen,Loras,2,2
Colen,Margaery,2,2
Colen,Renly,2,2
Craster,Mance,2,2
Cressen,Matthos,2,2
Dagmer,Farlen,2,2
Dagmer,Hodor,2,2
Dagmer,Yara,2,2
Davos,Father_Seaworth,2,2
Davos,Joffrey,2,2
Davos,Loras,2,2
Davos,Marya,2,2
Davos,Robb,2,2
Davos,Robert,2,2
Dontos,Sansa,2,2
Eddison_Tollett,Jeor,2,2
Farlen,Rickon,2,2
Frey_Daughter,Robb,2,2
Gendry,Ned,2,2
Gilly,Grenn,2,2
Harren,Tywin,2,2
Haylene,Podrick,2,2
High_Septon,Myrcella,2,2
Hot_Pie,Polliver,2,2
Hot_Pie,Tickler,2,2
Hound,Ned,2,2
Hound,Stannis,2,2
Hound,Tommen,2,2
Ilyn_Payne,Lancel,2,2
Ilyn_Payne,Tommen,2,2
Irri,Jorah,2,2
Jacks,Jaime,2,2
Jaime,Jon,2,2
Jaime,Littlefinger,2,2
Janos,Pycelle,2,2
Jaqen,Yoren,2,2
Jeor,Tyrion,2,2
Joffrey,Matthos,2,2
Joffrey,Renly,2,2
Joffrey,Shae,2,2
Jon_Arryn,Pycelle,2,2
Jon_Arryn,Robert,2,2
Jorah,Malakko,2,2
Kevan,Stannis,2,2
Kovarro,Spice_King,2,2
Lancel,Shae,2,2
Lancel,Tommen,2,2
Littlefinger,Myrcella,2,2
Loras,Melisandre,2,2
Loras,Robb,2,2
Loras,Tommen,2,2
Lysa,Tyrion,2,2
Margaery,Stannis,2,2
Margaery,Tywin,2,2
Matthos,Robert,2,2
Melessa,Sam,2,2
Meryn_Trant,Tommen,2,2
Mhaegen,Ros,2,2
Myrcella,Robert,2,2
Myrcella,Trystane,2,2
Ned,Rodrik,2,2
Ned,Sansa,2,2
Ned,Tywin,2,2
Osha,Robb,2,2
Polliver,Tywin,2,2
Protester,Tyrion,2,2
Quaithe,Xaro,2,2
Ramsay,Roose_Bolton,2,2
Randyll,Sam,2,2
Rennick,Robb,2,2
Rhaenys,Visenya,2,2
Rickard_Karstark,Roose_Bolton,2,2
Rickard_Karstark,Talisa,2,2
Rickon,Rodrik,2,2
Robert,Theon,2,2
Robert,Tommen,2,2
Septon,Talisa,2,2
Shae,Tywin,2,2
Silk_King,Spice_King,2,2
Talisa,Torrhen,2,2
Theon,Torrhen,2,2
Theon,Tyrion,2,2
Trystane,Tyrion,2,2
Jon,Ygritte,159,3
Brienne,Jaime,127,3
Tyrion,Tywin,115,3
Ramsay,Theon,114,3
Cersei,Tyrion,95,3
Gilly,Sam,95,3
Robb,Talisa,89,3
Sansa,Tyrion,85,3
Arya,Hound,79,3
Davos,Stannis,77,3
Shae,Tyrion,75,3
Bronn,Tyrion,71,3
Daenerys,Jorah,69,3
Bran,Osha,68,3
Daenerys,Missandei,67,3
Bran,Jojen,65,3
Joffrey,Margaery,64,3
Arya,Thoros,63,3
Margaery,Sansa,63,3
Jaime,Locke,59,3
Barristan,Jorah,57,3
Cersei,Tywin,57,3
Cersei,Joffrey,54,3
Catelyn,Robb,52,3
Kraznys_Mo_Nakloz,Missandei,52,3
Jaime,Qyburn,51,3
Davos,Gendry,50,3
Joffrey,Tywin,49,3
Melisandre,Stannis,49,3
Edmure,Robb,46,3
Gendry,Melisandre,46,3
Arya,Gendry,45,3
Sansa,Shae,45,3
Bran,Hodor,39,3
Davos,Shireen,38,3
Olenna,Varys,38,3
Rickard_Karstark,Robb,38,3
Barristan,Daenerys,37,3
Jon,Orell,37,3
Daario,Daenerys,36,3
Jon,Mance,36,3
Littlefinger,Sansa,36,3
Podrick,Tyrion,36,3
Olenna,Tywin,35,3
Jon,Tormund,34,3
Meera,Osha,34,3
Arya,Beric,33,3
Catelyn,Talisa,33,3
Cersei,Margaery,33,3
Davos,Melisandre,33,3
Orell,Ygritte,32,3
Loras,Sansa,31,3
Olenna,Tyrion,31,3
Olenna,Sansa,30,3
Orell,Tormund,30,3
Bran,Meera,29,3
Jaime,Roose_Bolton,29,3
Tormund,Ygritte,29,3
Beric,Thoros,28,3
Davos,Salladhor,28,3
Jojen,Osha,28,3
Littlefinger,Tyrion,28,3
Robb,Walder,28,3
Brynden,Catelyn,27,3
Joffrey,Tyrion,27,3
Anguy,Arya,26,3
Bran,Rickon,26,3
Beric,Hound,25,3
Ros,Varys,25,3
Cersei,Olenna,24,3
Jojen,Meera,24,3
Tyrion,Varys,24,3
Daenerys,Kraznys_Mo_Nakloz,23,3
Hodor,Jojen,23,3
Roose_Bolton,Walder,23,3
Joffrey,Sansa,22,3
Myranda,Violet,22,3
Shae,Varys,22,3
Loras,Margaery,21,3
Margaery,Olenna,21,3
Selyse,Stannis,21,3
Anguy,Hound,20,3
Anguy,Thoros,20,3
Bronn,Podrick,20,3
Gendry,Thoros,20,3
Catelyn,Walder,19,3
Daenerys,Radzai_Mo_Eraz,19,3
Jeor,Rast,19,3
Theon,Torturer,19,3
Brynden,Edmure,18,3
Bran,Sam,17,3
Brynden,Robb,17,3
Craster,Jeor,17,3
Daario,Jorah,17,3
Daario,Mero,17,3
Grenn,Rast,17,3
Hound,Thoros,17,3
Robb,Roose_Bolton,17,3
Cersei,Littlefinger,16,3
Daenerys,Mero,16,3
Littlefinger,Varys,16,3
Osha,Rickon,16,3
Shireen,Stannis,16,3
Arya,Hot_Pie,15,3
Brienne,Locke,15,3
Catelyn,Edmure,15,3
Cersei,Loras,15,3
Bran,Catelyn,14,3
Hodor,Meera,14,3
Hodor,Osha,14,3
Jaime,Steelshanks_Walton,14,3
Mance,Tormund,14,3
Melisandre,Thoros,14,3
Catelyn,Roose_Bolton,13,3
Craster,Karl_Tanner,13,3
Jorah,Missandei,13,3
Meera,Rickon,13,3
Mero,Prendahl,13,3
Rast,Sam,13,3
Balon,Theon,12,3
Daenerys,Grey_Worm,12,3
Eddison_Tollett,Grenn,12,3
Edmure,Roslin,12,3
Grey_Worm,Jorah,12,3
Jojen,Sam,12,3
Martyn,Talisa,12,3
Myranda,Theon,12,3
Ros,Shae,12,3
Theon,Violet,12,3
Anguy,Beric,11,3
Anguy,Gendry,11,3
Balon,Yara,11,3
Eddison_Tollett,Rast,11,3
Jaime,Tywin,11,3
Loras,Olyvar,11,3
Sansa,Tywin,11,3
Cersei,Jaime,10,3
Cersei,Meryn_Trant,10,3
Edmure,Walder,10,3
Gilly,Maester_Aemon,10,3
Jeor,Sam,10,3
Locke,Roose_Bolton,10,3
Loras,Olenna,10,3
Loras,Tyrion,10,3
Maester_Aemon,Sam,10,3
Mance,Orell,10,3
Mance,Ygritte,10,3
Meryn_Trant,Tyrion,10,3
Talisa,Walder,10,3
Tywin,Varys,10,3
Brienne,Roose_Bolton,9,3
Gendry,Hot_Pie,9,3
Gendry,Stannis,9,3
Grenn,Sam,9,3
Hodor,Rickon,9,3
Jojen,Rickon,9,3
Little_Sam,Gilly,9,3
Little_Sam,Sam,9,3
Loras,Tywin,9,3
Pycelle,Tyrion,9,3
Robb,Tywin,9,3
Roose_Bolton,Tywin,9,3
Black_Walder,Robb,8,3
Bran,Jon,8,3
Bronn,Meryn_Trant,8,3
Brynden,Roose_Bolton,8,3
Brynden,Talisa,8,3
Catelyn,Jaime,8,3
Craster,Rast,8,3
Daenerys,Prendahl,8,3
Eddison_Tollett,Sam,8,3
Edmure,Talisa,8,3
Farmer,Jon,8,3
Gilly,Meera,8,3
Hodor,Sam,8,3
Jeor,Karl_Tanner,8,3
Joffrey,Loras,8,3
Joffrey,Olenna,8,3
Jon,Sam,8,3
Meera,Sam,8,3
Meryn_Trant,Taryn_Mant,8,3
Roslin,Walder,8,3
Barristan,Missandei,7,3
Beric,Gendry,7,3
Catelyn,Hoster,7,3
Cersei,Pycelle,7,3
Cersei,Sansa,7,3
Daario,Missandei,7,3
Daario,Prendahl,7,3
Edmure,Lothar,7,3
Farmer,Tormund,7,3
Grenn,Jeor,7,3
Pycelle,Tywin,7,3
Roose_Bolton,Talisa,7,3
Sansa,Varys,7,3
Theon,Yara,7,3
Barristan,Daario,6,3
Beric,Melisandre,6,3
Brienne,Catelyn,6,3
Brynden,Walder,6,3
Catelyn,Joyeuse,6,3
Daario,Grey_Worm,6,3
Eddison_Tollett,Jeor,6,3
Farmer,Ygritte,6,3
Hot_Pie,Thoros,6,3
Jaime,Renly,6,3
Jorah,Mero,6,3
Mace,Olenna,6,3
Mero,Missandei,6,3
Ned,Sansa,6,3
Robb,Roslin,6,3
Robb,Theon,6,3
Arya,Melisandre,5,3
Barristan,Grey_Worm,5,3
Barristan,Robert,5,3
Black_Walder,Edmure,5,3
Black_Walder,Lothar,5,3
Bran,Ned,5,3
Brynden,Rickard_Karstark,5,3
Catelyn,Rickard_Karstark,5,3
Cersei,Varys,5,3
Craster,Sam,5,3
Gendry,Hound,5,3
Hoster,Robb,5,3
Joffrey,Ned,5,3
Joffrey,Pycelle,5,3
Jojen,Jon,5,3
Jon,Pyp,5,3
Jorah,Kraznys_Mo_Nakloz,5,3
Jorah,Robert,5,3
Margaery,Tyrion,5,3
Martyn,Willem_Lannister,5,3
Pyp,Sam,5,3
Ramsay,Roose_Bolton,5,3
Randyll,Sam,5,3
Robb,Sansa,5,3
Arya,Cersei,4,3
Arya,Joffrey,4,3
Balon,Ramsay,4,3
Bran,Orell,4,3
Bran,Robb,4,3
Bronn,Joffrey,4,3
Catelyn,Roslin,4,3
Cersei,Taryn_Mant,4,3
Edmure,Frey_Septon,4,3
Edmure,Rickard_Karstark,4,3
Farmer,Orell,4,3
Gilly,Jojen,4,3
Greizhen,Missandei,4,3
Jaime,Tyrion,4,3
Joffrey,Meryn_Trant,4,3
Joffrey,Varys,4,3
Joyeuse,Robb,4,3
Joyeuse,Talisa,4,3
Joyeuse,Walder,4,3
Littlefinger,Pycelle,4,3
Littlefinger,Tywin,4,3
Locke,Tywin,4,3
Lord_Of_Bones,Mance,4,3
Lord_Of_Bones,Tormund,4,3
Lord_Of_Bones,Ygritte,4,3
Lothar,Walder,4,3
Marei,Tyrion,4,3
Margaery,Renly,4,3
Margaery,Tywin,4,3
Melisandre,Robert,4,3
Pycelle,Varys,4,3
Qyburn,Roose_Bolton,4,3
Qyburn,Talisa,4,3
Ramsay,Yara,4,3
Rickard_Karstark,Roose_Bolton,4,3
Robert,Stannis,4,3
Roslin,Talisa,4,3
Sorcerer,Varys,4,3
Taryn_Mant,Tyrion,4,3
Aerys,Barristan,3,3
Aerys,Robert,3,3
Anguy,Melisandre,3,3
Beric,Mountain,3,3
Beric,Ned,3,3
Black_Walder,Brynden,3,3
Black_Walder,Catelyn,3,3
Bran,Gilly,3,3
Brandon_Stark,Catelyn,3,3
Brandon_Stark,Jojen,3,3
Brienne,Selwyn,3,3
Bronn,Cersei,3,3
Bronn,Sansa,3,3
Brynden,Lothar,3,3
Catelyn,Tyrion,3,3
Craster,Grenn,3,3
Daenerys,Greizhen,3,3
Edmure,Roose_Bolton,3,3
Farmer,Jojen,3,3
Gendry,Robert,3,3
Gilly,Hodor,3,3
Gilly,Randyll,3,3
High_Septon,Joffrey,3,3
High_Septon,Margaery,3,3
Hodor,Orell,3,3
Hoster,Walder,3,3
Hound,Joffrey,3,3
Jaime,Robb,3,3
Jaime,Selwyn,3,3
Joanna,Tywin,3,3
Joffrey,Renly,3,3
Joffrey,Robb,3,3
Joffrey,Shae,3,3
Jojen,Ned,3,3
Jojen,Orell,3,3
Jon,Lord_Of_Bones,3,3
Jon,Ned,3,3
Jon,Osha,3,3
Littlefinger,Olyvar,3,3
Littlefinger,Ros,3,3
Littlefinger,Shae,3,3
Loras,Mace,3,3
Lothar,Robb,3,3
Mace,Margaery,3,3
Meera,Orell,3,3
Merry,Walder,3,3
Meryn_Trant,Podrick,3,3
Missandei,Prendahl,3,3
Missandei,Radzai_Mo_Eraz,3,3
Mountain,Robb,3,3
Ned,Robb,3,3
Ned,Robert,3,3
Ned,Varys,3,3
Olenna,Podrick,3,3
Olenna,Robert,3,3
Orell,Osha,3,3
Orell,Rickon,3,3
Podrick,Shae,3,3
Qyburn,Robb,3,3
Ramsay,Robb,3,3
Renly,Stannis,3,3
Rickard_Karstark,Talisa,3,3
Rickard_Karstark,Willem_Lannister,3,3
Robb,Stannis,3,3
Robb,Tyrion,3,3
Robert,Thoros,3,3
Roose_Bolton,Steelshanks_Walton,3,3
Roose_Bolton,Theon,3,3
Ros,Tyrion,3,3
Sorcerer,Tyrion,3,3
Stannis,Tywin,3,3
Aegon,Davos,2,3
Aegon,Shireen,2,3
Aerys,Jaime,2,3
Aerys,Joffrey,2,3
Aerys,Ned,2,3
Anguy,Hot_Pie,2,3
Arya,Catelyn,2,3
Arya,Ilyn_Payne,2,3
Arya,Meryn_Trant,2,3
Arya,Mycah,2,3
Arya,Robb,2,3
Arya,Roose_Bolton,2,3
Arya,Sansa,2,3
Balerion,Davos,2,3
Balon,Robb,2,3
Balon,Roose_Bolton,2,3
Barristan,Kraznys_Mo_Nakloz,2,3
Barristan,Radzai_Mo_Eraz,2,3
Bert,Shireen,2,3
Black_Walder,Joyeuse,2,3
Boros,Meryn_Trant,2,3
Bran,Farmer,2,3
Bran,Maester_Luwin,2,3
Bran,Theon,2,3
Bran,Tormund,2,3
Bran,Ygritte,2,3
Bronn,High_Septon,2,3
Bronn,Loras,2,3
Bronn,Margaery,2,3
Bronn,Olenna,2,3
Bronn,Pycelle,2,3
Bronn,Shae,2,3
Bronn,Taryn_Mant,2,3
Bronn,Tywin,2,3
Brynden,Hoster,2,3
Brynden,Roslin,2,3
Catelyn,Hound,2,3
Catelyn,Jon,2,3
Catelyn,Lothar,2,3
Catelyn,Rickon,2,3
Catelyn,Tywin,2,3
Cersei,High_Septon,2,3
Cersei,Hound,2,3
Cersei,Ilyn_Payne,2,3
Cersei,Podrick,2,3
Cersei,Stannis,2,3
Craster,Eddison_Tollett,2,3
Craster,Jon,2,3
Daenerys,Drogo,2,3
Daenerys,Robert,2,3
Dareon,Hobb,2,3
Dareon,Sam,2,3
Davos,Matthos,2,3
Davos,Robb,2,3
Davos,Rylene,2,3
Desmond,Eldrick,2,3
Desmond,Sansa,2,3
Desmond,Tyrion,2,3
Eddison_Tollett,Karl_Tanner,2,3
Edmure,Hound,2,3
Edmure,Joyeuse,2,3
Edmure,Mountain,2,3
Edmure,Tywin,2,3
Farmer,Hodor,2,3
Farmer,Meera,2,3
Farmer,Osha,2,3
Farmer,Rickon,2,3
Frey_Septon,Roslin,2,3
Frey_Septon,Walder,2,3
Gendry,Tywin,2,3
Gilly,Rast,2,3
Greizhen,Jorah,2,3
Greizhen,Kraznys_Mo_Nakloz,2,3
Grenn,Karl_Tanner,2,3
Grey_Worm,Mero,2,3
Grey_Worm,Missandei,2,3
High_Septon,Loras,2,3
High_Septon,Olenna,2,3
High_Septon,Pycelle,2,3
High_Septon,Sansa,2,3
High_Septon,Tyrion,2,3
High_Septon,Tywin,2,3
Hodor,Jon,2,3
Hodor,Tormund,2,3
Hodor,Ygritte,2,3
Hound,Ilyn_Payne,2,3
Hound,Meryn_Trant,2,3
Hound,Ned,2,3
Hound,Robb,2,3
Hound,Roose_Bolton,2,3
Ilyn_Payne,Joffrey,2,3
Ilyn_Payne,Meryn_Trant,2,3
Ilyn_Payne,Ned,2,3
Jaime,Loras,2,3
Jaime,Ned,2,3
Jaime,Pycelle,2,3
Jaime,Stannis,2,3
Jeor,Jon,2,3
Joffrey,Stannis,2,3
Jojen,Tormund,2,3
Jojen,Ygritte,2,3
Jon,Meera,2,3
Jon,Qhorin_Halfhand,2,3
Jon,Rickon,2,3
Jorah,Prendahl,2,3
Joyeuse,Roslin,2,3
Karl_Tanner,Rast,2,3
Karl_Tanner,Sam,2,3
Littlefinger,Podrick,2,3
Locke,Qyburn,2,3
Locke,Steelshanks_Walton,2,3
Loras,Pycelle,2,3
Loras,Renly,2,3
Loras,Shae,2,3
Lothar,Roslin,2,3
Lothar,Talisa,2,3
Lysa,Tywin,2,3
Lysa,Varys,2,3
Margaery,Pycelle,2,3
Martyn,Robb,2,3
Meera,Tormund,2,3
Meera,Ygritte,2,3
Melisandre,Selyse,2,3
Mountain,Thoros,2,3
Mountain,Tywin,2,3
Myranda,Ramsay,2,3
Ned,Rickard_Karstark,2,3
Ned,Thoros,2,3
Ned,Tyrion,2,3
Olenna,Pycelle,2,3
Olenna,Renly,2,3
Osha,Tormund,2,3
Osha,Ygritte,2,3
Podrick,Sansa,2,3
Pycelle,Sansa,2,3
Qhorin_Halfhand,Ygritte,2,3
Qyburn,Selwyn,2,3
Qyburn,Tywin,2,3
Ramsay,Violet,2,3
Renly,Robert,2,3
Renly,Sansa,2,3
Renly,Tywin,2,3
Rickard_Karstark,Roslin,2,3
Rickard_Karstark,Theon,2,3
Rickard_Karstark,Walder,2,3
Rickon,Robb,2,3
Rickon,Theon,2,3
Rickon,Tormund,2,3
Rickon,Ygritte,2,3
Robb,Varys,2,3
Robert,Tywin,2,3
Rylene,Stannis,2,3
Salladhor,Stannis,2,3
Selyse,Shireen,2,3
Shae,Tywin,2,3
Steelshanks_Walton,Tywin,2,3
Tyrion,Walder,2,3
Tywin,Walder,2,3
Arya,Hound,162,4
Jaime,Tyrion,147,4
Cersei,Jaime,131,4
Daenerys,Jorah,106,4
Cersei,Tywin,104,4
Littlefinger,Sansa,96,4
Tyrion,Tywin,94,4
Jon,Sam,89,4
Lysa,Sansa,88,4
Bronn,Tyrion,86,4
Jaime,Tywin,83,4
Podrick,Tyrion,80,4
Gilly,Sam,79,4
Oberyn,Tywin,79,4
Brienne,Podrick,78,4
Oberyn,Tyrion,78,4
Shae,Tyrion,78,4
Alliser_Thorne,Jon,68,4
Joffrey,Tyrion,64,4
Daenerys,Missandei,63,4
Ramsay,Theon,63,4
Cersei,Oberyn,57,4
Littlefinger,Lysa,55,4
Daario,Daenerys,54,4
Grenn,Jon,52,4
Davos,Stannis,51,4
Grey_Worm,Missandei,50,4
Jon,Mance,50,4
Ellaria,Oberyn,48,4
Bran,Meera,47,4
Margaery,Olenna,46,4
Sansa,Tyrion,46,4
Robin,Sansa,45,4
Bran,Hodor,44,4
Jojen,Meera,44,4
Cersei,Joffrey,43,4
Cersei,Tyrion,43,4
Tommen,Tywin,43,4
Bran,Jojen,42,4
Eddison_Tollett,Jon,41,4
Brienne,Jaime,40,4
Janos,Jon,39,4
Ramsay,Roose_Bolton,39,4
Cersei,Margaery,38,4
Arya,Brienne,36,4
Joffrey,Margaery,36,4
Melisandre,Selyse,36,4
Jon,Tormund,35,4
Barristan,Jorah,34,4
Oberyn,Varys,34,4
Pyp,Sam,34,4
Barristan,Daenerys,32,4
Styr,Ygritte,32,4
Eddison_Tollett,Grenn,31,4
Jaime,Joffrey,31,4
Dontos,Sansa,30,4
Joffrey,Tywin,30,4
Littlefinger,Yohn_Royce,30,4
Bronn,Jaime,29,4
Hound,Polliver,29,4
Margaery,Tommen,29,4
Tormund,Ygritte,29,4
Cersei,Pycelle,28,4
Davos,Shireen,27,4
Tyrion,Varys,27,4
Alliser_Thorne,Janos,26,4
Daenerys,Grey_Worm,26,4
Maester_Aemon,Sam,26,4
Cersei,Tommen,25,4
Joffrey,Sansa,25,4
Daenerys,Hizdahr,24,4
Gilly,Moles_Town_Whore,24,4
Melisandre,Shireen,24,4
Brienne,Hot_Pie,23,4
Brienne,Hound,22,4
Anya_Waynwood,Littlefinger,21,4
Hodor,Jojen,21,4
Jon,Locke,21,4
Littlefinger,Robin,21,4
Mace,Tywin,21,4
Oberyn,Olyvar,21,4
Selyse,Stannis,21,4
Farmer_Hamlet,Hound,20,4
Gilly,Little_Sam,20,4
Hodor,Meera,20,4
Styr,Tormund,20,4
Theon,Yara,20,4
Arya,Polliver,19,4
Cersei,Qyburn,18,4
Davos,Tycho,18,4
Ellaria,Olyvar,18,4
Morgan,Oberyn,18,4
Mountain,Oberyn,18,4
Ralf,Theon,18,4
Shae,Tywin,18,4
Tywin,Varys,18,4
Arya,Ternesio_Terys,17,4
Jon,Ygritte,17,4
Karl_Tanner,Meera,17,4
Little_Sam,Sam,17,4
Lysa,Robin,17,4
Myranda,Ramsay,17,4
Sansa,Shae,17,4
Stannis,Tycho,17,4
Cersei,Varys,16,4
Grenn,Sam,16,4
Pycelle,Tywin,16,4
Daenerys,Fennesz,15,4
Ramsay,Tansy,15,4
Sansa,Yohn_Royce,15,4
Bran,Jon,14,4
Brienne,Cersei,14,4
Daario,Grey_Worm,14,4
Davos,Salladhor,14,4
Elia,Oberyn,14,4
Grenn,Locke,14,4
Jaime,Loras,14,4
Jojen,Karl_Tanner,14,4
Jon,Olly,14,4
Mace,Oberyn,14,4
Mace,Tyrion,14,4
Olenna,Tywin,14,4
Roose_Bolton,Theon,14,4
Alliser_Thorne,Grenn,13,4
Arya,Farmer_Hamlet,13,4
Barristan,Missandei,13,4
Bran,Locke,13,4
Cersei,Mace,13,4
Cersei,Mountain,13,4
Grenn,Janos,13,4
Jaime,Podrick,13,4
Jaime,Tommen,13,4
Joffrey,Tommen,13,4
Karl_Tanner,Rast,13,4
Brienne,Margaery,12,4
Dying_Man,Hound,12,4
Jaime,Oberyn,12,4
Jon,Stannis,12,4
Mance,Stannis,12,4
Pycelle,Qyburn,12,4
Tommen,Tyrion,12,4
Alliser_Thorne,Maester_Aemon,11,4
Anya_Waynwood,Sansa,11,4
Barristan,Grey_Worm,11,4
Catelyn,Lysa,11,4
Dontos,Littlefinger,11,4
Ellaria,Tyrion,11,4
Farmer_Hamlet,Sally,11,4
Jaime,Margaery,11,4
Jon,Karl_Tanner,11,4
Jorah,Missandei,11,4
Anya_Waynwood,Yohn_Royce,10,4
Arya,Dying_Man,10,4
Daario,Jorah,10,4
Karl_Tanner,Sissy,10,4
Morgan,Morgans_Friend,10,4
Olly,Styr,10,4
Alliser_Thorne,Sam,9,4
Bran,Three_Eyed_Raven,9,4
Bronn,Podrick,9,4
Cersei,Sansa,9,4
Craster,Jon,9,4
Daario,Missandei,9,4
Ellaria,Marei,9,4
Ellaria,Tywin,9,4
Grey_Worm,Jorah,9,4
Jaime,Sansa,9,4
Janos,Sam,9,4
Joffrey,Mace,9,4
Joffrey,Olenna,9,4
Jon,Maester_Aemon,9,4
Alliser_Thorne,Pyp,8,4
Balon_Dwarf,Robb_Dwarf,8,4
Bronn,Oberyn,8,4
Donnel_Hill,Grenn,8,4
Eddison_Tollett,Janos,8,4
Eddison_Tollett,Sam,8,4
Ellaria,Morgan,8,4
Jaime,Mace,8,4
Joffrey,Oberyn,8,4
Jon,Morag,8,4
Loras,Margaery,8,4
Mace,Varys,8,4
Margaery,Tyrion,8,4
Morgans_Friend,Oberyn,8,4
Pycelle,Varys,8,4
Sansa,Tywin,8,4
Alliser_Thorne,Locke,7,4
Barristan,Daario,7,4
Bolton_Guard,Yara,7,4
Bran,Karl_Tanner,7,4
Bran,Leaf,7,4
Cersei,Ellaria,7,4
Cersei,Loras,7,4
Cersei,Shae,7,4
Craster,Eddison_Tollett,7,4
Daenerys,Meereen_Champion,7,4
Davos,Jon,7,4
Dongo_The_Giant,Mag_The_Mighty,7,4
Dornish_Lord,Tyrion,7,4
Eddison_Tollett,Pyp,7,4
Endrew,Jaime,7,4
Gilly,Pyp,7,4
Grenn,Mag_The_Mighty,7,4
Guymon,Olly,7,4
Hizdahr,Hizdahrs_Father,7,4
Hodor,Locke,7,4
Joffrey,Littlefinger,7,4
Joffrey,Shae,7,4
Jon,Pyp,7,4
Jon,Sissy,7,4
Loras,Tommen,7,4
Mace,Margaery,7,4
Mace,Tommen,7,4
Marei,Oberyn,7,4
Melisandre,Stannis,7,4
Moles_Town_Madam,Sam,7,4
Ned,Sansa,7,4
Oberyn,Pycelle,7,4
Oberyn,Shae,7,4
Olly,Sam,7,4
Olly,Ygritte,7,4
Ramsay,Yara,7,4
Renly_Dwarf,Stannis_Dwarf,7,4
Shireen,Stannis,7,4
Alliser_Thorne,Othell_Yarwyck,6,4
Arya,Sally,6,4
Balon,Theon,6,4
Brienne,Catelyn,6,4
Brienne,Joffrey,6,4
Brienne,Sansa,6,4
Catelyn,Sansa,6,4
Cersei,Dontos,6,4
Cersei,Myrcella,6,4
Davos,Mance,6,4
Davos,Selyse,6,4
Dontos,Joffrey,6,4
Elder_Meereen_Slave,Mossador,6,4
First_Mate,Yara,6,4
Goatherd,Missandei,6,4
Grenn,Olly,6,4
Grenn,Pyp,6,4
Hound,Joffrey,6,4
Hound,Lysa,6,4
Hound,Rorge,6,4
Hound,Sally,6,4
Jaime,Varys,6,4
Joffrey_Dwarf,Robb_Dwarf,6,4
Jon,Styr,6,4
Jon_Arryn,Lysa,6,4
Loras,Tywin,6,4
Marei,Olyvar,6,4
Margaery,Sansa,6,4
Margaery,Tywin,6,4
Meera,Three_Eyed_Raven,6,4
Meryn_Trant,Tyrion,6,4
Morgan,Olyvar,6,4
Mountain,Pycelle,6,4
Mountain,Qyburn,6,4
Mountain,Tywin,6,4
Myranda,Tansy,6,4
Oberyn,Tommen,6,4
Orson,Tyrion,6,4
Pycelle,Tyrion,6,4
Sam,Tormund,6,4
Tansy,Theon,6,4
Alliser_Thorne,Eddison_Tollett,5,4
Alliser_Thorne,Tormund,5,4
Brienne,Olenna,5,4
Brienne,Tyrion,5,4
Catelyn,Littlefinger,5,4
Craster,Karl_Tanner,5,4
Craster,Rast,5,4
Daenerys,Goatherd,5,4
Davos,Melisandre,5,4
Dontos,Tyrion,5,4
Eddison_Tollett,Locke,5,4
Eddison_Tollett,Morag,5,4
Endrew,Joffrey,5,4
Fennesz,Master_Mighdal,5,4
First_Mate,Theon,5,4
Grenn,Morag,5,4
High_Septon,Joffrey,5,4
High_Septon,Tommen,5,4
Hizdahr,Manservant,5,4
Hot_Pie,Podrick,5,4
Hound,Podrick,5,4
Jaime,Qyburn,5,4
Jaime,Shae,5,4
Janos,Olly,5,4
Joffrey,Podrick,5,4
Joffrey,Polliver,5,4
Joffrey,Pycelle,5,4
Jon,Ned,5,4
Lhara,Salladhor,5,4
Luthor,Olenna,5,4
Lysa,Tyrion,5,4
Mace,Pycelle,5,4
Mace,Sansa,5,4
Mace,Shae,5,4
Margaery,Oberyn,5,4
Mountain,Tyrion,5,4
Oberyn,Podrick,5,4
Olenna,Tyrion,5,4
Ramsay,Walda,5,4
Roose_Bolton,Walda,5,4
Selyse,Shireen,5,4
Adrack_Humble,Theon,4,4
Aerys,Jaime,4,4
Aerys,Robert,4,4
Arya,Rorge,4,4
Axell_Florent,Melisandre,4,4
Axell_Florent,Selyse,4,4
Balon_Dwarf,Joffrey_Dwarf,4,4
Balon_Dwarf,Stannis_Dwarf,4,4
Black_Jack,Kegs,4,4
Black_Jack,Mully,4,4
Bran,Craster,4,4
Bran,Rast,4,4
Bronn,Morgan,4,4
Catelyn,Cersei,4,4
Catelyn,Ned,4,4
Catelyn,Robb,4,4
Cooper,Grenn,4,4
Craster,Grenn,4,4
Craster,Locke,4,4
Craster,Morag,4,4
Craster,Sissy,4,4
Crasters_Baby,Rast,4,4
Crasters_Baby,Sissy,4,4
Daario,Meereen_Champion,4,4
Daenerys,Hizdahrs_Father,4,4
Eddison_Tollett,Sissy,4,4
Elder_Meereen_Slave,Grey_Worm,4,4
Elder_Meereen_Slave,Meereen_Slave,4,4
Elia,Mountain,4,4
Elia,Tywin,4,4
Ellaria,Jaime,4,4
Ellaria,Mountain,4,4
Ellaria,Podrick,4,4
Gilly,Janos,4,4
Gilly,Styr,4,4
Gilly,Ygritte,4,4
Grenn,Sissy,4,4
High_Septon,Jaime,4,4
High_Septon,Margaery,4,4
Janos,Maester_Aemon,4,4
Joffrey,Joffrey_Dwarf,4,4
Joffrey,Ned,4,4
Jon,Mag_The_Mighty,4,4
Jon_Arryn,Littlefinger,4,4
Kegs,Mully,4,4
Leaf,Meera,4,4
Little_Sam,Moles_Town_Whore,4,4
Littlefinger,Ned,4,4
Locke,Ramsay,4,4
Loras,Oberyn,4,4
Lysa,Ned,4,4
Lysa,Yohn_Royce,4,4
Mance,Tormund,4,4
Meryn_Trant,Roose_Bolton,4,4
Meryn_Trant,Tywin,4,4
Morag,Sissy,4,4
Morgan,Tyrion,4,4
Myranda,Theon,4,4
Myranda,Yara,4,4
Oberyn,Sansa,4,4
Olly,Ollys_Mother,4,4
Podrick,Sansa,4,4
Pycelle,Tommen,4,4
Sam,Styr,4,4
Sam,Ygritte,4,4
Sansa,Tommen,4,4
Styr,Thenn_Warg,4,4
Aerys,Tyrion,3,4
Alliser_Thorne,Olly,3,4
Alliser_Thorne,Qhorin,3,4
Anya_Waynwood,Lysa,3,4
Arya,Catelyn,3,4
Arya,Hot_Pie,3,4
Arya,Joffrey,3,4
Arya,Ned,3,4
Arya,Podrick,3,4
Arya,Sansa,3,4
Baelor,Tywin,3,4
Balon_Dwarf,Renly_Dwarf,3,4
Bolton_Guard,First_Mate,3,4
Bran,Crasters_Baby,3,4
Bran,Ned,3,4
Bran,Ramsay,3,4
Brienne,Selwyn,3,4
Bronn,Ellaria,3,4
Bronn,Lollys,3,4
Bronn,Mountain,3,4
Bronn,Shae,3,4
Catelyn,Hoster,3,4
Catelyn,Jaime,3,4
Catelyn,Tyrion,3,4
Cersei,Ned,3,4
Cersei,Olenna,3,4
Cersei,Podrick,3,4
Cersei,Robert,3,4
Cooper,Donnel_Hill,3,4
Craster,Jojen,3,4
Craster,Meera,3,4
Craster,Sam,3,4
Crasters_Baby,Meera,3,4
Daenerys,Manservant,3,4
Donnel_Waynwood,Hound,3,4
Doran,Tyrion,3,4
Eddison_Tollett,Olly,3,4
Ellaria,Joffrey,3,4
Ellaria,Loras,3,4
Gilly,Tormund,3,4
Guymon,Ollys_Mother,3,4
Hodor,Leaf,3,4
Hodor,Rast,3,4
Hoster,Lysa,3,4
Hound,Innkeeper,3,4
Hound,Syrio_Forel,3,4
Innkeeper,Polliver,3,4
Jaime,Meryn_Trant,3,4
Jaime,Olenna,3,4
Jaime,Stannis,3,4
Joffrey,Loras,3,4
Joffrey,Mountain,3,4
Joffrey,Renly,3,4
Joffrey,Robb_Dwarf,3,4
Joffrey,Stannis,3,4
Joffrey_Dwarf,Sansa,3,4
Joffrey_Dwarf,Stannis_Dwarf,3,4
Jojen,Leaf,3,4
Jojen,Three_Eyed_Raven,3,4
Jon,Othell_Yarwyck,3,4
Littlefinger,Tyrion,3,4
Loras,Tyrion,3,4
Mace,Olenna,3,4
Mag_The_Mighty,Mance,3,4
Mag_The_Mighty,Sam,3,4
Meereen_Slave,Mossador,3,4
Moles_Town_Madam,Moles_Town_Whore,3,4
Ned,Tyrion,3,4
Olenna,Sansa,3,4
Olenna,Tommen,3,4
Olly,Pyp,3,4
Olly,Tormund,3,4
Podrick,Tywin,3,4
Podrick,Varys,3,4
Pycelle,Sansa,3,4
Pyp,Tormund,3,4
Robb,Sansa,3,4
Robert,Tywin,3,4
Stannis,Tommen,3,4
Thenn_Warg,Tormund,3,4
Thenn_Warg,Ygritte,3,4
Vance_Corbray,Yohn_Royce,3,4
Adrack_Humble,Ralf,2,4
Aerys,Cersei,2,4
Alliser_Thorne,Craster,2,4
Alliser_Thorne,Ygritte,2,4
Anya_Waynwood,Robin,2,4
Anya_Waynwood,Vance_Corbray,2,4
Arya,Donnel_Waynwood,2,4
Arya,Innkeeper,2,4
Arya,Innkeepers_Daughter,2,4
Arya,Jaime,2,4
Arya,Jaqen,2,4
Arya,Lommy,2,4
Arya,Lysa,2,4
Arya,Meryn_Trant,2,4
Arya,Syrio_Forel,2,4
Arya,Tommy,2,4
Axell_Florent,Davos,2,4
Axell_Florent,Stannis,2,4
Baelor,High_Septon,2,4
Baelor,Joffrey,2,4
Baelor,Tyrion,2,4
Balon,Roose_Bolton,2,4
Balon_Dwarf,Joffrey,2,4
Barristan,Cersei,2,4
Barristan,Goatherd,2,4
Barristan,Joffrey,2,4
Barristan,Varys,2,4
Biter,Hound,2,4
Biter,Rorge,2,4
Boros,Jaime,2,4
Bran,Rickon,2,4
Bran,Sam,2,4
Brienne,Bronn,2,4
Brienne,Loras,2,4
Brienne,Ned,2,4
Bronn,Cersei,2,4
Bronn,Falyse,2,4
Bronn,Morgans_Friend,2,4
Bronn,Tywin,2,4
Bronn,Varys,2,4
Catelyn,Joffrey,2,4
Catelyn,Jon_Arryn,2,4
Cersei,Elia,2,4
Cersei,Fool,2,4
Cersei,Joanna,2,4
Cersei,Joffrey_Dwarf,2,4
Cersei,Meryn_Trant,2,4
Cersei,Robb_Dwarf,2,4
Craster,Crasters_Baby,2,4
Craster,Hodor,2,4
Craster,Mance,2,4
Crasters_Baby,Hodor,2,4
Crasters_Baby,Jojen,2,4
Crasters_Baby,Karl_Tanner,2,4
Crasters_Baby,Night_King,2,4
Crasters_Baby,White_Walker,2,4
Daenerys,Drogo,2,4
Daenerys,Master_Mighdal,2,4
Daenerys,Rhaegar,2,4
Daenerys,Varys,2,4
Daenerys,Viserys,2,4
Davos,Eddison_Tollett,2,4
Davos,Grenn,2,4
Davos,Maester_Aemon,2,4
Davos,Sam,2,4
Dongo_The_Giant,Jon,2,4
Donnel_Hill,Mag_The_Mighty,2,4
Doran,Oberyn,2,4
Dornish_Lord,Oberyn,2,4
Drogo,Rhaegar,2,4
Eddison_Tollett,Maester_Aemon,2,4
Eddison_Tollett,Melisandre,2,4
Eddison_Tollett,Selyse,2,4
Eddison_Tollett,Shireen,2,4
Eddison_Tollett,Stannis,2,4
Ellaria,Mace,2,4
Ellaria,Margaery,2,4
Ellaria,Morgans_Friend,2,4
Ellaria,Sansa,2,4
Ellaria,Varys,2,4
Fennesz,Missandei,2,4
Fool,Joffrey,2,4
Fool,Tywin,2,4
Gilly,Moles_Town_Madam,2,4
Goatherd,Goatherds_Son,2,4
Goatherd,Grey_Worm,2,4
Goatherd,Jorah,2,4
Grenn,Maester_Aemon,2,4
Grenn,Melisandre,2,4
Grenn,Selyse,2,4
Grenn,Shireen,2,4
Grenn,Stannis,2,4
Grenn,Ygritte,2,4
Grey_Worm,Mossador,2,4
Guymon,Styr,2,4
Guymon,Ygritte,2,4
High_Septon,Mace,2,4
Hizdahr,Jorah,2,4
Hodor,Ned,2,4
Hodor,Three_Eyed_Raven,2,4
Hoster,Jon_Arryn,2,4
Hoster,Littlefinger,2,4
Hound,Innkeepers_Daughter,2,4
Hound,Lommy,2,4
Hound,Meryn_Trant,2,4
Hound,Mountain,2,4
Hound,Tommy,2,4
Hound,Varys,2,4
Innkeeper,Tommy,2,4
Jaime,Joanna,2,4
Jaime,Ned,2,4
Jaime,Pycelle,2,4
Janos,Little_Sam,2,4
Janos,Locke,2,4
Janos,Othell_Yarwyck,2,4
Janos,Pyp,2,4
Jeor,Jon,2,4
Jeor,Karl_Tanner,2,4
Joffrey,Lysa,2,4
Joffrey,Meryn_Trant,2,4
Joffrey,Renly_Dwarf,2,4
Joffrey,Robb,2,4
Joffrey,Stannis_Dwarf,2,4
Joffrey,Varys,2,4
Joffrey_Dwarf,Margaery,2,4
Joffrey_Dwarf,Renly_Dwarf,2,4
Joffrey_Dwarf,Tyrion,2,4
Jojen,Jon,2,4
Jojen,Locke,2,4
Jojen,Rast,2,4
Jon,Melisandre,2,4
Jon,Qhorin,2,4
Jon,Selyse,2,4
Jon,Shireen,2,4
Jon_Arryn,Robin,2,4
Jorah,Meereen_Champion,2,4
Jorah,Varys,2,4
Leaf,Three_Eyed_Raven,2,4
Little_Sam,Moles_Town_Madam,2,4
Little_Sam,Pyp,2,4
Littlefinger,Tywin,2,4
Littlefinger,Vance_Corbray,2,4
Locke,Meera,2,4
Locke,Morag,2,4
Locke,Rast,2,4
Locke,Roose_Bolton,2,4
Locke,Sam,2,4
Locke,Sissy,2,4
Lollys,Tyrion,2,4
Loras,Olenna,2,4
Loras,Renly_Dwarf,2,4
Loras,Sansa,2,4
Loras,Stannis_Dwarf,2,4
Luthor,Viola,2,4
Mace,Mountain,2,4
Mace,Podrick,2,4
Maester_Aemon,Melisandre,2,4
Maester_Aemon,Olly,2,4
Maester_Aemon,Pyp,2,4
Maester_Aemon,Selyse,2,4
Maester_Aemon,Shireen,2,4
Maester_Aemon,Stannis,2,4
Marei,Morgan,2,4
Marei,Shae,2,4
Marei,Tyrion,2,4
Margaery,Pycelle,2,4
Margaery,Robb_Dwarf,2,4
Meera,Ned,2,4
Meera,Rast,2,4
Melisandre,Sam,2,4
Meryn_Trant,Syrio_Forel,2,4
Meryn_Trant,Theon,2,4
Missandei,Zala,2,4
Moles_Town_Whore,Sam,2,4
Morgans_Friend,Tyrion,2,4
Mountain,Polliver,2,4
Mountain,Shae,2,4
Musician,Olenna,2,4
Myrcella,Oberyn,2,4
Ned,Robert,2,4
Ned,Stannis,2,4
Ned,Yohn_Royce,2,4
Night_King,White_Walker,2,4
Olenna,Viola,2,4
Ollys_Mother,Styr,2,4
Ollys_Mother,Tormund,2,4
Ollys_Mother,Ygritte,2,4
Orys,Orys_Brother,2,4
Orys,Tywin,2,4
Orys_Brother,Tywin,2,4
Podrick,Shae,2,4
Polliver,Tommy,2,4
Ralf,Roose_Bolton,2,4
Ramsay,Rickon,2,4
Ramsay,Robb,2,4
Randyll,Sam,2,4
Renly_Dwarf,Robb_Dwarf,2,4
Robb,Tyrion,2,4
Robb_Dwarf,Sansa,2,4
Robb_Dwarf,Tyrion,2,4
Robin,Tyrion,2,4
Sam,Selyse,2,4
Sam,Shireen,2,4
Sam,Stannis,2,4
Sansa,Vance_Corbray,2,4
Sansa,Varys,2,4
Sansa,Waymar_Royce,2,4
Stannis,Tywin,2,4
Tommen,Tycho,2,4
Tommen,Varys,2,4
Tycho,Tywin,2,4
Arya,Jaqen,148,5
Jorah,Tyrion,141,5
Bronn,Jaime,121,5
Tyrion,Varys,110,5
Daenerys,Tyrion,98,5
Cersei,High_Sparrow,96,5
Brienne,Podrick,90,5
Jon,Stannis,90,5
Littlefinger,Sansa,89,5
Jon,Sam,85,5
Gilly,Sam,83,5
Daario,Daenerys,81,5
Margaery,Tommen,79,5
Sansa,Theon,77,5
Daenerys,Hizdahr,69,5
Davos,Stannis,68,5
Jon,Tormund,63,5
Cersei,Tommen,62,5
Jaime,Myrcella,58,5
Myranda,Sansa,58,5
Ramsay,Theon,58,5
Melisandre,Stannis,52,5
Ramsay,Roose_Bolton,51,5
Ramsay,Sansa,51,5
Cersei,Littlefinger,50,5
Arya,Waif,48,5
Shireen,Stannis,47,5
Cersei,Margaery,46,5
Cersei,Qyburn,41,5
Jon,Olly,41,5
Cersei,Jaime,40,5
Daenerys,Jorah,40,5
Jon,Melisandre,39,5
Barristan,Daenerys,38,5
Davos,Jon,35,5
Davos,Shireen,35,5
Bronn,Tyene,34,5
Doran,Ellaria,33,5
Jon,Mance,33,5
Alliser_Thorne,Jon,32,5
Jaqen,Waif,32,5
High_Sparrow,Olenna,30,5
Loras,Margaery,30,5
Olly,Sam,30,5
Grey_Worm,Missandei,29,5
Cersei,Mace,28,5
Daenerys,Mossador,28,5
Jon,Karsi,28,5
Myranda,Ramsay,28,5
Areo,Doran,27,5
Brienne,Littlefinger,27,5
Daario,Tyrion,27,5
Cersei,Olenna,26,5
Daario,Hizdahr,24,5
Doran,Jaime,24,5
Myrcella,Trystane,24,5
Sam,Stannis,24,5
Daenerys,Missandei,22,5
Littlefinger,Roose_Bolton,22,5
Cersei,Kevan,21,5
High_Sparrow,Loras,21,5
Cersei,Maggy,20,5
Daario,Grey_Worm,20,5
Janos,Jon,20,5
Selyse,Shireen,20,5
Areo,Bronn,19,5
Ellaria,Jaime,19,5
Karsi,Tormund,19,5
Tycho,Mace,19,5
Areo,Jaime,18,5
Cersei,Lancel,18,5
Cersei,Pycelle,18,5
Gilly,Shireen,18,5
Jon,Maester_Aemon,18,5
Selyse,Stannis,18,5
Black_Haired_Prostitute,Tyrion,17,5
Daario,Jorah,17,5
High_Sparrow,Margaery,17,5
Maester_Aemon,Sam,17,5
Malko,Tyrion,17,5
Arya,Meryn_Trant,16,5
Daario,Missandei,16,5
Jaime,Trystane,16,5
Jon,Loboda,16,5
Littlefinger,Olenna,16,5
Missandei,Tyrion,16,5
Roose_Bolton,Sansa,16,5
Areo,Ellaria,15,5
Areo,Myrcella,15,5
Brienne,Sansa,15,5
Cersei,Loras,15,5
Loras,Olyvar,15,5
Alliser_Thorne,Sam,14,5
Bronn,Lollys,14,5
Cersei,Septa_Unella,14,5
Daenerys,Grey_Worm,14,5
Lancel,Littlefinger,14,5
Littlefinger,Ramsay,14,5
Mance,Stannis,14,5
Margaery,Olenna,14,5
Nymeria,Tyene,14,5
Arya,Thin_Man,13,5
Cersei,High_Septon,13,5
Cersei,Meryn_Trant,13,5
Davos,Melisandre,13,5
Hizdahr,Tyrion,13,5
Melisandre,Selyse,13,5
Myranda,Theon,13,5
Bronn,Dornish_Rider,12,5
Cersei,Melara,12,5
Cersei,Tywin,12,5
Eddison_Tollett,Jon,12,5
Jorah,Malko,12,5
Lord_Of_Bones,Tormund,12,5
Brand,Derryk,11,5
Ellaria,Obara,11,5
Ellaria,Tyene,11,5
High_Septon,Olyvar,11,5
Jaqen,Thin_Man,11,5
Davos,Olly,10,5
Ellaria,Myrcella,10,5
Olly,Stannis,10,5
Pycelle,Qyburn,10,5
Brienne,Stannis,9,5
Bronn,Myrcella,9,5
Daenerys,Varys,9,5
Davos,Selyse,9,5
Doran,Myrcella,9,5
Doran,Trystane,9,5
High_Sparrow,Olyvar,9,5
Jorah,Missandei,9,5
Littlefinger,Royce,9,5
Loras,Olenna,9,5
Loras,Tommen,9,5
Mace,Qyburn,9,5
Melisandre,Shireen,9,5
Ramsay,Walda,9,5
Alliser_Thorne,Olly,8,5
Areo,Trystane,8,5
Brienne,Renly,8,5
Gilly,Little_Sam,8,5
High_Sparrow,Tommen,8,5
Hizdahr,Missandei,8,5
Janos,Sam,8,5
Karsi,Loboda,8,5
Lancel,Loras,8,5
Roose_Bolton,Theon,8,5
Sansa,Walda,8,5
Tyrion,Tywin,8,5
Areo,Obara,7,5
Barristan,Daario,7,5
Bronn,Obara,7,5
Catelyn,Sansa,7,5
Cersei,Myrcella,7,5
Derryk,Sam,7,5
Gilly,Olly,7,5
Grey_Worm,Jorah,7,5
Hizdahr,Mossador,7,5
Mace,Meryn_Trant,7,5
Mace,Pycelle,7,5
Margaery,Olyvar,7,5
Owner,Tyrion,7,5
Podrick,Sansa,7,5
Ramsay,Stannis,7,5
Alliser_Thorne,Janos,6,5
Brand,Sam,6,5
Bronn,Doran,6,5
Bronn,Trystane,6,5
Cersei,Tyrion,6,5
Daario,Mossador,6,5
Eddison_Tollett,Sam,6,5
Ellaria,Oberyn,6,5
Gilly,Jon,6,5
Gilly,Selyse,6,5
High_Septon,Lancel,6,5
High_Septon,Qyburn,6,5
Jaime,Tywin,6,5
Jon,Selyse,6,5
Jorah,Varys,6,5
Little_Sam,Sam,6,5
Madame,Meryn_Trant,6,5
Mance,Tormund,6,5
Myranda,Walda,6,5
Myrcella,Obara,6,5
Nymeria,Obara,6,5
Obara,Tyene,6,5
Roose_Bolton,Walda,6,5
Alliser_Thorne,Stannis,5,5
Bran,Rickon,5,5
Bran,Theon,5,5
Brienne,Catelyn,5,5
Bronn,Nymeria,5,5
Catelyn,Littlefinger,5,5
Cersei,Robert,5,5
Daenerys,Owner,5,5
Derryk,Gilly,5,5
Doran,Oberyn,5,5
Eddison_Tollett,Olly,5,5
Ellaria,Nymeria,5,5
High_Septon,Mace,5,5
Jon,Lord_Of_Bones,5,5
Kevan,Tommen,5,5
Littlefinger,Stannis,5,5
Melisandre,Sam,5,5
Ned,Stannis,5,5
Podrick,Stannis,5,5
Rickon,Theon,5,5
Sam,Selyse,5,5
Alliser_Thorne,Davos,4,5
Alliser_Thorne,Eddison_Tollett,4,5
Alliser_Thorne,Maester_Aemon,4,5
Alliser_Thorne,Tormund,4,5
Areo,Nymeria,4,5
Areo,Tyene,4,5
Arya,Mace,4,5
Barristan,Mossador,4,5
Cersei,Olyvar,4,5
Cersei,Roose_Bolton,4,5
Cersei,Varys,4,5
Dornish_Rider,Jaime,4,5
Eddison_Tollett,Stannis,4,5
Ellaria,Trystane,4,5
Gilly,Maester_Aemon,4,5
Gilly,Stannis,4,5
High_Septon,High_Sparrow,4,5
High_Sparrow,Renly,4,5
High_Sparrow,Robert,4,5
Hizdahr,Jorah,4,5
Jaime,Tyene,4,5
Jon,Night_King,4,5
Jorah,Owner,4,5
Littlefinger,Robin,4,5
Littlefinger,Theon,4,5
Loboda,Tormund,4,5
Meryn_Trant,Qyburn,4,5
Myranda,Roose_Bolton,4,5
Quick,Strong,4,5
Robert,Stannis,4,5
Roose_Bolton,Stannis,4,5
Roose_Bolton,Tywin,4,5
Sam,Shireen,4,5
Sansa,Yohn_Royce,4,5
Theon,Walda,4,5
Aegon,Maester_Aemon,3,5
Aerys,Daenerys,3,5
Arya,Ned,3,5
Arya,Tycho,3,5
Barristan,Grey_Worm,3,5
Barristan,Rhaegar,3,5
Bran,Sansa,3,5
Cersei,Joffrey,3,5
Cersei,Oberyn,3,5
Cersei,Sansa,3,5
Doran,Tommen,3,5
Eddison_Tollett,Janos,3,5
Gilly,Janos,3,5
Grey_Worm,Mossador,3,5
Grey_Worm,Tyrion,3,5
Jaime,Lollys,3,5
Jaime,Obara,3,5
Jaime,Tyrion,3,5
Jaime,Varys,3,5
Janos,Olly,3,5
Janos,Stannis,3,5
Jeor,Jon,3,5
Joffrey,Margaery,3,5
Joffrey,Tommen,3,5
Jon,Othell_Yarwyck,3,5
Jon,Robb,3,5
Kevan,Lancel,3,5
Kevan,Pycelle,3,5
Kevan,Qyburn,3,5
Little_Sam,Olly,3,5
Littlefinger,Lyanna,3,5
Littlefinger,Lysa,3,5
Littlefinger,Ned,3,5
Littlefinger,Podrick,3,5
Littlefinger,Yohn_Royce,3,5
Lord_Weebly,Sam,3,5
Lyanna,Sansa,3,5
Mance,Melisandre,3,5
Ned,Robert,3,5
Ned,Sansa,3,5
Obara,Oberyn,3,5
Podrick,Renly,3,5
Podrick,Tyrion,3,5
Rickon,Sansa,3,5
Royce,Sansa,3,5
Sansa,Stannis,3,5
Shae,Tyrion,3,5
Shae,Tywin,3,5
Stannis,Tormund,3,5
Aegon,Rhaenyra,2,5
Aerys,Barristan,2,5
Alliser_Thorne,Denys,2,5
Alliser_Thorne,Mance,2,5
Arya,Madame,2,5
Arya,Mountain,2,5
Arya,Sansa,2,5
Arya,Walder,2,5
Barristan,Hizdahr,2,5
Brian,Jon,2,5
Brienne,Robert,2,5
Brienne,Selwyn,2,5
Bronn,Cersei,2,5
Bronn,Falyse,2,5
Catelyn,Ned,2,5
Catelyn,Robb,2,5
Cersei,Ellaria,2,5
Cersei,Jorah,2,5
Cerwyn,Ramsay,2,5
Daario,Quick,2,5
Daario,Strong,2,5
Daenerys,Quick,2,5
Daenerys,Robert,2,5
Daenerys,Strong,2,5
Davos,Eddison_Tollett,2,5
Davos,Sam,2,5
Doran,Obara,2,5
Doran,Tyene,2,5
Eddison_Tollett,Gilly,2,5
Eddison_Tollett,Little_Sam,2,5
Eddison_Tollett,Pyp,2,5
Eddison_Tollett,Tormund,2,5
Gilly,Melisandre,2,5
Grenn,Pyp,2,5
High_Septon,Pycelle,2,5
High_Sparrow,Meryn_Trant,2,5
High_Sparrow,Septa_Unella,2,5
Hizdahr,Owner,2,5
Hizdahr,Quick,2,5
Hizdahr,Strong,2,5
Jaime,Littlefinger,2,5
Jaime,Nymeria,2,5
Jaime,Tommen,2,5
Jaqen,Mace,2,5
Jaqen,Meryn_Trant,2,5
Jeor,Sam,2,5
Joffrey,Renly,2,5
Joffrey,Robert,2,5
Joffrey,Sansa,2,5
Joffrey,Tyrion,2,5
Joffrey,Tywin,2,5
Jon,Little_Sam,2,5
Jon,Lord_Weebly,2,5
Jon,Roose_Bolton,2,5
Jon,Shireen,2,5
Jorah,Mossador,2,5
Karsi,Night_King,2,5
Kevan,Tywin,2,5
Lancel,Olyvar,2,5
Lancel,Pycelle,2,5
Little_Sam,Melisandre,2,5
Little_Sam,Stannis,2,5
Littlefinger,Loras,2,5
Littlefinger,Myranda,2,5
Littlefinger,Olyvar,2,5
Littlefinger,Renly,2,5
Littlefinger,Robb,2,5
Littlefinger,Tommen,2,5
Littlefinger,Walda,2,5
Lollys,Tanda,2,5
Loras,Tywin,2,5
Lyanna_Mormont,Stannis,2,5
Mace,Meryn_Trant,2,5
Mace,Thin_Man,2,5
Mace,Tommen,2,5
Maester_Wolkan,Roose_Bolton,2,5
Maggy,Melara,2,5
Maggy,Robert,2,5
Magnar,Sam,2,5
Mance,Sam,2,5
Margaery,Robert,2,5
Melisandre,Olly,2,5
Meryn_Trant,Mountain,2,5
Meryn_Trant,Thin_Man,2,5
Mossador,Tyrion,2,5
Ned,Theon,2,5
Olenna,Olyvar,2,5
Olyvar,Tommen,2,5
Pycelle,Varys,2,5
Quick,Tyrion,2,5
Randyll,Sam,2,5
Rhaegar,Robert,2,5
Robb,Sansa,2,5
Robb,Theon,2,5
Robert,Tywin,2,5
Robert,Varys,2,5
Robin,Royce,2,5
Robin,Sansa,2,5
Stannis,Steffon,2,5
Strong,Tyrion,2,5
Thin_Man,Waif,2,5
Tommen,Tywin,2,5
Tycho,Jaqen,2,5
Tycho,Meryn_Trant,2,5
Tycho,Thin_Man,2,5
Jon,Sansa,151,6
Missandei,Tyrion,88,6
Tyrion,Varys,86,6
Arya,Jaqen,83,6
Davos,Melisandre,82,6
Grey_Worm,Tyrion,81,6
Davos,Jon,80,6
Gilly,Sam,80,6
Bran,Three_Eyed_Raven,76,6
High_Sparrow,Margaery,76,6
Theon,Yara,72,6
Daenerys,Tyrion,69,6
Cersei,Jaime,66,6
Arya,Lady_Crane,64,6
Daario,Jorah,60,6
Littlefinger,Sansa,57,6
Daario,Daenerys,54,6
Jon,Melisandre,54,6
Jon,Tormund,54,6
Bran,Meera,51,6
Brienne,Jaime,50,6
Davos,Tormund,50,6
High_Sparrow,Tommen,49,6
Arya,Waif,48,6
Cersei,Tommen,48,6
Eddison_Tollett,Jon,48,6
Brienne,Sansa,46,6
Grey_Worm,Missandei,44,6
Hound,Ray,41,6
Margaery,Olenna,40,6
Hodor,Meera,39,6
Bran,Hodor,38,6
Davos,Sansa,38,6
Ramsay,Sansa,37,6
Bronn,Jaime,36,6
Jaime,Tommen,36,6
Margaery,Tommen,36,6
Brynden,Jaime,35,6
Daenerys,Khal_Moro,34,6
Ramsay,Smalljon,34,6
High_Sparrow,Jaime,33,6
Loras,Margaery,33,6
Brienne,Brynden,32,6
Edmure,Jaime,31,6
Jon,Ramsay,30,6
Benjen,Bran,29,6
Cersei,Olenna,29,6
Cersei,Qyburn,29,6
Lyanna,Ned,29,6
Sansa,Theon,29,6
Davos,Eddison_Tollett,28,6
Brienne,Podrick,27,6
Beric,Hound,26,6
Hound,Thoros,25,6
Ramsay,Roose_Bolton,25,6
Jon,Lyanna_Mormont,24,6
Sansa,Tormund,24,6
Balon,Yara,23,6
Osha,Ramsay,23,6
Alliser_Thorne,Davos,22,6
High_Sparrow,Loras,22,6
Bronn,Podrick,21,6
Camello,Lady_Crane,21,6
Daenerys,Jorah,21,6
Eddison_Tollett,Tormund,21,6
Grey_Worm,Varys,21,6
Little_Sam,Sam,21,6
Margaery,Septa_Unella,21,6
Melessa,Sam,21,6
Bran,Ned,20,6
Jaqen,Waif,20,6
Ramsay,Walda,20,6
Bran,Leaf,19,6
Jaime,Walder,19,6
Jon,Robett,19,6
Arya,Walder,18,6
Cersei,Kevan,18,6
Daenerys,Yara,18,6
Gilly,Little_Sam,18,6
Balon,Euron,17,6
Davos,Lyanna_Mormont,17,6
Euron,Yara,17,6
Bianca,Lady_Crane,16,6
Bobono,Lady_Crane,16,6
Cersei,Pycelle,16,6
Euron,Theon,16,6
Izembaro,Lady_Crane,16,6
Littlefinger,Yohn_Royce,16,6
Missandei,Varys,16,6
Tyrion,Yezzan,16,6
Black_Walder,Lothar,15,6
Black_Walder,Walder,15,6
Cersei,High_Sparrow,15,6
Cersei,Lancel,15,6
Daenerys,Lhazareen_Woman,15,6
Daenerys,Theon,15,6
Gilly,Melessa,15,6
Hodor,Three_Eyed_Raven,15,6
Kinvara,Tyrion,15,6
Littlefinger,Robin,15,6
Black_Walder,Jaime,14,6
Cersei,Margaery,14,6
Randyll,Sam,14,6
Vala,Varys,14,6
Alliser_Thorne,Jon,13,6
Bianca,Izembaro,13,6
Jaime,Lothar,13,6
Jon,Wun_Wun,13,6
Leaf,Meera,13,6
Maester_Citadel,Sam,13,6
Podrick,Sansa,13,6
Pycelle,Qyburn,13,6
Ramsay,Rickon,13,6
Theon,Tyrion,13,6
Arthur,Ned,12,6
Benjen,Meera,12,6
Bran,Night_King,12,6
Cersei,Septa_Unella,12,6
Jaime,Kevan,12,6
Lyanna_Mormont,Sansa,12,6
Maester_Wolkan,Ramsay,12,6
Melessa,Talla,12,6
Melisandre,Tormund,12,6
Ned,Sansa,12,6
Tormund,Wun_Wun,12,6
Alliser_Thorne,Eddison_Tollett,11,6
Brienne,Davos,11,6
Brynden,Edmure,11,6
Clarenzo,Lady_Crane,11,6
Daenerys,Missandei,11,6
Dickon,Sam,11,6
Eddison_Tollett,Melisandre,11,6
Eddison_Tollett,Sansa,11,6
Joffrey,Lady_Crane,11,6
Lem,Ray,11,6
Mace,Olenna,11,6
Meera,Three_Eyed_Raven,11,6
Melessa,Randyll,11,6
Ned,Three_Eyed_Raven,11,6
Ramsay,Son_Ofwalda,11,6
Arya,Bianca,10,6
Benjen,Ned,10,6
Bianca,Bobono,10,6
Bobono,Clarenzo,10,6
Brienne,Jon,10,6
Brienne,Melisandre,10,6
Grey_Worm,Yezzan,10,6
High_Sparrow,Septa_Unella,10,6
Jaime,Olenna,10,6
Jon,Ned,10,6
Melisandre,Sansa,10,6
Pycelle,Tommen,10,6
Razdal,Tyrion,10,6
Son_Ofwalda,Walda,10,6
Aeron,Yara,9,6
Alliser_Thorne,Tormund,9,6
Arya,Izembaro,9,6
Black_Walder,Edmure,9,6
Bobono,Izembaro,9,6
Brienne,Eddison_Tollett,9,6
Brienne,Tormund,9,6
Clarenzo,Izembaro,9,6
Davos,Stannis,9,6
Davos,Wun_Wun,9,6
Ellaria,Olenna,9,6
Gatins,Hound,9,6
Hodor,Leaf,9,6
Jon,Rickon,9,6
Lothar,Walder,9,6
Mace,Margaery,9,6
Nymeria,Obara,9,6
Aeron,Euron,8,6
Benjen,Lyanna,8,6
Beric,Thoros,8,6
Bianca,Clarenzo,8,6
Daenerys,Dosh_Khaleen_Leader,8,6
Daenerys,Grey_Worm,8,6
Daenerys,Varys,8,6
Davos,Ramsay,8,6
Doran,Ellaria,8,6
Dosh_Khaleen_Leader,Lhazareen_Woman,8,6
Gilly,Randyll,8,6
Gilly,Talla,8,6
High_Sparrow,Lancel,8,6
Jaime,Mace,8,6
Jaime,Margaery,8,6
Jon,Littlefinger,8,6
Jon,Smalljon,8,6
Kinvara,Varys,8,6
Leaf,Three_Eyed_Raven,8,6
Myranda,Ramsay,8,6
Qyburn,Tommen,8,6
Ramsay,Rickard_Karstark,8,6
Ramsay,Tormund,8,6
Sam,Talla,8,6
Alliser_Thorne,Olly,7,6
Belicho,Tyrion,7,6
Benjen,Three_Eyed_Raven,7,6
Bobono,Camello,7,6
Edmure,Guard_Captain,7,6
Glover,Jon,7,6
Grey_Worm,Razdal,7,6
Jaime,Qyburn,7,6
Kevan,Olenna,7,6
Kevan,Tommen,7,6
Loras,Tommen,7,6
Lyanna_Mormont,Maester_Mormont,7,6
Meera,Night_King,7,6
Missandei,Razdal,7,6
Missandei,Yezzan,7,6
Nymeria,Trystane,7,6
Obara,Olenna,7,6
Olenna,Septa_Unella,7,6
Razdal,Yezzan,7,6
Rickon,Sansa,7,6
Robett,Sansa,7,6
Robin,Yohn_Royce,7,6
Roose_Bolton,Sansa,7,6
Alliser_Thorne,Bowen_Marsh,6,6
Arthur_Child,Qyburn,6,6
Arya,Clarenzo,6,6
Arya,Sansa,6,6
Belicho,Razdal,6,6
Bowen_Marsh,Jon,6,6
Bran,Lyanna,6,6
Brynden,Guard_Captain,6,6
Brynden,Podrick,6,6
Brynden,Sansa,6,6
Camello,Clarenzo,6,6
Camello,Izembaro,6,6
Catelyn,Jaime,6,6
Cersei,Joffrey,6,6
Cersei,Lady_Crane,6,6
Cersei,Loras,6,6
Daenerys,Drogo,6,6
Daenerys,Razdal,6,6
Davos,Smalljon,6,6
Edmure,Lothar,6,6
High_Sparrow,Mace,6,6
Hound,Lem,6,6
Jon,Olly,6,6
Lady_Crane,Sansa,6,6
Lancel,Margaery,6,6
Leaf,Night_King,6,6
Melisandre,Stannis,6,6
Obara,Trystane,6,6
Rickon,Smalljon,6,6
Smalljon,Tormund,6,6
Tyrion,Yara,6,6
Arya,Bobono,5,6
Arya,Camello,5,6
Arya,Joffrey,5,6
Belicho,Grey_Worm,5,6
Belicho,Missandei,5,6
Belicho,Yezzan,5,6
Black_Walder,Bronn,5,6
Black_Walder,Brynden,5,6
Bobono,Joffrey,5,6
Brienne,Littlefinger,5,6
Brienne,Theon,5,6
Brynden,Walder,5,6
Cersei,Mountain,5,6
Cersei,Myrcella,5,6
Cersei,Tywin,5,6
Clarenzo,Joffrey,5,6
Clarenzo,Tyrion,5,6
Daenerys,Kinvara,5,6
Davos,Littlefinger,5,6
Dim_Dalba,Jon,5,6
Dom,Varys,5,6
Doran,Maester_Dorne,5,6
Drogo,Khal_Moro,5,6
Eddison_Tollett,Olly,5,6
Edmure,Walder,5,6
Ellaria,Tyene,5,6
Joffrey,Sansa,5,6
Jon,Maester_Mormont,5,6
Jon,Robb,5,6
Kevan,Pycelle,5,6
Lady_Crane,Tyrion,5,6
Lancel,Loras,5,6
Little_Sam,Melessa,5,6
Maester_Mormont,Sansa,5,6
Ned,Rickard_Stark,5,6
Night_King,Three_Eyed_Raven,5,6
Olly,Tormund,5,6
Podrick,Theon,5,6
Ramsay,Wun_Wun,5,6
Randyll,Talla,5,6
Rickard_Karstark,Roose_Bolton,5,6
Rickard_Karstark,Smalljon,5,6
Sansa,Wun_Wun,5,6
Aeron,Balon,4,6
Aeron,Theon,4,6
Arthur,Howland,4,6
Arya,Cersei,4,6
Balon,Theon,4,6
Bianca,Camello,4,6
Bianca,Joffrey,4,6
Bianca,Sansa,4,6
Bobono,Sansa,4,6
Bobono,Tyrion,4,6
Bobono,Tywin,4,6
Bowen_Marsh,Davos,4,6
Bowen_Marsh,Eddison_Tollett,4,6
Bowen_Marsh,Melisandre,4,6
Bowen_Marsh,Olly,4,6
Bowen_Marsh,Othell_Yarwyck,4,6
Bowen_Marsh,Tormund,4,6
Brienne,Stannis,4,6
Bronn,Lothar,4,6
Brynden,Lothar,4,6
Cersei,Clarenzo,4,6
Cersei,Mace,4,6
Cersei,Sansa,4,6
Clarenzo,Sansa,4,6
Daario,Lhazareen_Woman,4,6
Daenerys,Yezzan,4,6
Davos,Maester_Mormont,4,6
Davos,Olly,4,6
Dickon,Gilly,4,6
Dim_Dalba,Tormund,4,6
Doran,Tyene,4,6
Eddison_Tollett,Podrick,4,6
Gilly,Maester_Citadel,4,6
Glover,Manderly,4,6
Harald,Ramsay,4,6
High_Sparrow,Olenna,4,6
Hodor,Lyanna,4,6
Hodor,Night_King,4,6
Howland,Ned,4,6
Jaime,Myrcella,4,6
Jaime,Son_Of_Edmure,4,6
Joffrey,Tyrion,4,6
Jon,Manderly,4,6
Jon,Podrick,4,6
Jon,Sam,4,6
Jon,Stannis,4,6
Kevan,Margaery,4,6
Littlefinger,Tormund,4,6
Loras,Olenna,4,6
Lyanna_Mormont,Robb,4,6
Maester_Wolkan,Myranda,4,6
Maester_Wolkan,Rickard_Karstark,4,6
Myrcella,Tommen,4,6
Nymeria,Olenna,4,6
Podrick,Tormund,4,6
Red_Priest,Tyrion,4,6
Sansa,Smalljon,4,6
Sansa,Tyrion,4,6
Stannis,Tormund,4,6
Aerys,Tyrion,3,6
Alliser_Thorne,Melisandre,3,6
Alliser_Thorne,Othell_Yarwyck,3,6
Alliser_Thorne,Wun_Wun,3,6
Areo,Doran,3,6
Areo,Ellaria,3,6
Areo,Tyene,3,6
Arthur,Bran,3,6
Arthur,Three_Eyed_Raven,3,6
Arya,Bran,3,6
Arya,Tyrion,3,6
Benjen,Hodor,3,6
Beric,Lem,3,6
Bianca,Cersei,3,6
Bianca,Ned,3,6
Bianca,Tyrion,3,6
Bobono,Cersei,3,6
Bobono,Ned,3,6
Bran,Jon,3,6
Bran,Rickon,3,6
Bronn,Edmure,3,6
Catelyn,Ned,3,6
Catelyn,Sansa,3,6
Cersei,Izembaro,3,6
Cersei,Tyrion,3,6
Clarenzo,Margaery,3,6
Daenerys,Red_Priest,3,6
Davos,Glover,3,6
Davos,Harald,3,6
Davos,Shireen,3,6
Dickon,Randyll,3,6
Dim_Dalba,Wun_Wun,3,6
Dom,Vala,3,6
Doran,Oberyn,3,6
Eddison_Tollett,Wun_Wun,3,6
Glover,Sansa,3,6
Harald,Jon,3,6
Harald,Sansa,3,6
Harald,Smalljon,3,6
Harald,Tormund,3,6
High_Sparrow,Kevan,3,6
Hodor,Ned,3,6
Howland,Three_Eyed_Raven,3,6
Izembaro,Joffrey,3,6
Izembaro,Ned,3,6
Izembaro,Tywin,3,6
Jaime,Podrick,3,6
Jaime,Pycelle,3,6
Jaime,Sansa,3,6
Jeor,Jon,3,6
Joffrey,Margaery,3,6
Jon,Othell_Yarwyck,3,6
Jon,Roose_Bolton,3,6
Jorah,Lhazareen_Woman,3,6
Kevan,Loras,3,6
Kevan,Mace,3,6
Lem,Thoros,3,6
Little_Sam,Talla,3,6
Loras,Mace,3,6
Lyanna,Three_Eyed_Raven,3,6
Lyanna_Mormont,Ramsay,3,6
Lyanna_Mormont,Tormund,3,6
Mace,Pycelle,3,6
Manderly,Robb,3,6
Margaery,Tyrion,3,6
Ned,Old_Nan,3,6
Ned,Ramsay,3,6
Olenna,Pycelle,3,6
Olenna,Tommen,3,6
Olenna,Tyene,3,6
Razdal,Varys,3,6
Red_Priest,Varys,3,6
Robb,Robett,3,6
Roose_Bolton,Smalljon,3,6
Roose_Bolton,Walda,3,6
Sansa,Stannis,3,6
Smalljon,Wun_Wun,3,6
Areo,Maester_Dorne,2,6
Arya,Ned,2,6
Arya,Rickon,2,6
Arya,Robert,2,6
Belicho,Daenerys,2,6
Belicho,Varys,2,6
Benjen,Rodrik,2,6
Bianca,Margaery,2,6
Bobono,Margaery,2,6
Bowen_Marsh,Othell_Yarwyck,2,6
Bran,Howland,2,6
Bran,Jaqen,2,6
Bran,Old_Nan,2,6
Bran,Rodrik,2,6
Bran,Sansa,2,6
Bronn,Brynden,2,6
Bronn,Walder,2,6
Brynden,Minisa,2,6
Camello,Ned,2,6
Camello,Sansa,2,6
Camello,Tyrion,2,6
Catelyn,Edmure,2,6
Catelyn,Robb,2,6
Cersei,Robert,2,6
Cersei,Son_Of_Edmure,2,6
Cersei,Varys,2,6
Clarenzo,Robert,2,6
Daario,Dosh_Khaleen_Leader,2,6
Daario,Khal_Moro,2,6
Daenerys,Vala,2,6
Davos,Dim_Dalba,2,6
Davos,Othell_Yarwyck,2,6
Davos,Rickon,2,6
Davos,Robett,2,6
Dickon,Melessa,2,6
Dickon,Talla,2,6
Dim_Dalba,Sansa,2,6
Dosh_Khaleen_Leader,Jorah,2,6
Eddison_Tollett,Othell_Yarwyck,2,6
Edmure,Hoster,2,6
Edmure,Son_Of_Edmure,2,6
Ellaria,Maester_Dorne,2,6
Ellaria,Nymeria,2,6
Ellaria,Obara,2,6
Ellaria,Oberyn,2,6
Flynn,Lem,2,6
Flynn,Morgan,2,6
Flynn,Ray,2,6
Glover,Robb,2,6
Glover,Robett,2,6
Grey_Worm,Theon,2,6
Grey_Worm,Yara,2,6
Harald,Lyanna_Mormont,2,6
Hodor,Old_Nan,2,6
Izembaro,Robert,2,6
Izembaro,Sansa,2,6
Izembaro,Tyrion,2,6
Jaime,Loras,2,6
Jaime,Robb,2,6
Jaime,Tyrion,2,6
Jon,Theon,2,6
Jorah,Khal_Moro,2,6
Kevan,Qyburn,2,6
Kraznys_Mo_Nakloz,Missandei,2,6
Lady_Crane,Margaery,2,6
Lady_Crane,Robert,2,6
Lady_Crane,Tywin,2,6
Lady_Crane,Waif,2,6
Lancel,Mace,2,6
Lancel,Qyburn,2,6
Lancel,Septa_Unella,2,6
Lem,Morgan,2,6
Little_Sam,Randyll,2,6
Littlefinger,Ramsay,2,6
Littlefinger,Smalljon,2,6
Littlefinger,Wun_Wun,2,6
Lyanna_Mormont,Manderly,2,6
Lyanna_Mormont,Smalljon,2,6
Maester_Aemon,Sam,2,6
Maester_Dorne,Tyene,2,6
Maester_Wolkan,Roose_Bolton,2,6
Mance,Tormund,2,6
Margaery,Sansa,2,6
Meera,Old_Nan,2,6
Melisandre,Olly,2,6
Melisandre,Othell_Yarwyck,2,6
Melisandre,Podrick,2,6
Melisandre,Ramsay,2,6
Missandei,Theon,2,6
Missandei,Yara,2,6
Morgan,Ray,2,6
Ned,Robb,2,6
Ned,Robert,2,6
Ned,Robett,2,6
Ned,Rodrik,2,6
Ned,Tyrion,2,6
Nymeria,Tyene,2,6
Obara,Tyene,2,6
Old_Nan,Three_Eyed_Raven,2,6
Olly,Othell_Yarwyck,2,6
Osha,Smalljon,2,6
Othell_Yarwyck,Tormund,2,6
Qyburn,Varys,2,6
Rickon,Tormund,2,6
Rickon,Wun_Wun,2,6
Robb,Walder,2,6
Robin,Sansa,2,6
Sansa,Tywin,2,6
Sansa,Yohn_Royce,2,6
Stannis,Varys,2,6
Theon,Varys,2,6
Tyrion,Tywin,2,6
Varys,Yara,2,6
Varys,Yezzan,2,6
Daenerys,Tyrion,179,7
Daenerys,Jon,178,7
Cersei,Jaime,172,7
Arya,Sansa,156,7
Jon,Tyrion,107,7
Littlefinger,Sansa,107,7
Davos,Jon,92,7
Bronn,Jaime,85,7
Jon,Sansa,79,7
Marwyn,Sam,75,7
Cersei,Tyrion,74,7
Daenerys,Varys,65,7
Beric,Hound,63,7
Jon,Jorah,59,7
Hound,Thoros,57,7
Hound,Tormund,57,7
Davos,Gendry,55,7
Jon,Tormund,50,7
Davos,Tyrion,46,7
Tyrion,Varys,45,7
Bran,Sansa,44,7
Cersei,Qyburn,44,7
Beric,Jon,41,7
Cersei,Euron,38,7
Cersei,Tycho,37,7
Jaime,Olenna,37,7
Jon,Missandei,36,7
Daenerys,Missandei,35,7
Jon,Theon,35,7
Daenerys,Jorah,34,7
Jaime,Tyrion,34,7
Arya,Hot_Pie,33,7
Cersei,Daenerys,33,7
Cersei,Mountain,33,7
Daenerys,Davos,33,7
Jaime,Randyll,33,7
Davos,Missandei,31,7
Grey_Worm,Missandei,31,7
Missandei,Tyrion,31,7
Beric,Thoros,30,7
Gendry,Jon,30,7
Brienne,Sansa,29,7
Beric,Tormund,27,7
Hound,Jon,27,7
Jorah,Sam,27,7
Euron,Jaime,26,7
Hound,Jorah,26,7
Brienne,Podrick,25,7
Dickon,Randyll,25,7
Ellaria,Yara,25,7
Jaime,Qyburn,25,7
Arya,Littlefinger,24,7
Cersei,Jon,24,7
Dickon,Jaime,24,7
Harrag,Theon,24,7
Jorah,Tormund,24,7
Theon,Yara,24,7
Jaime,Mountain,23,7
Sansa,Yohn_Royce,23,7
Arya,Bran,21,7
Bran,Meera,21,7
Bran,Sam,21,7
Cersei,Ellaria,21,7
Ellaria,Tyene,21,7
Jon,Ned,21,7
Melisandre,Varys,21,7
Missandei,Varys,21,7
Daenerys,Jaime,20,7
Gilly,Sam,20,7
Jon,Littlefinger,20,7
Arya,Brienne,19,7
Bran,Littlefinger,19,7
Bronn,Tyrion,19,7
Euron,Yara,19,7
Jorah,Thoros,19,7
Beric,Jorah,18,7
Brienne,Hound,18,7
Euron,Theon,18,7
Gendry,Hound,18,7
Grey_Worm,Tyrion,18,7
Jon,Varys,18,7
Jon,Night_King,17,7
Jorah,Tyrion,17,7
Sansa,Maester_Wolkan,17,7
Daenerys,Olenna,16,7
Jorah,Marwyn,16,7
Cersei,Tyene,15,7
Cersei,Tywin,15,7
Gendry,Tormund,15,7
Brienne,Littlefinger,14,7
Daenerys,Randyll,14,7
Davos,Jorah,14,7
Gendry,Thoros,14,7
Grey_Worm,Varys,14,7
Mountain,Qyburn,14,7
Ned,Sansa,14,7
Daenerys,Grey_Worm,13,7
Daenerys,Melisandre,13,7
Gendry,Jorah,13,7
Davos,Theon,12,7
Jon,Thoros,12,7
Podrick,Tyrion,12,7
Aerys,Daenerys,11,7
Beric,Gendry,11,7
Bronn,Dickon,11,7
Littlefinger,Maester_Wolkan,11,7
Littlefinger,Yohn_Royce,11,7
Lyanna_Mormont,Robett,11,7
Thoros,Tormund,11,7
Brienne,Jaime,10,7
Daenerys,Dickon,10,7
Daenerys,Night_King,10,7
Davos,Varys,10,7
Missandei,Theon,10,7
Mountain,Tyrion,10,7
Theon,Tyrion,10,7
Tyrion,Tywin,10,7
Arya,Jon,9,7
Brienne,Jon,9,7
Cersei,Sansa,9,7
Davos,Sansa,9,7
Euron,Mountain,9,7
Hound,Tyrion,9,7
Nymeria,Obara,9,7
Arya,Ned,8,7
Beric,Night_King,8,7
Bran,Jon,8,7
Bronn,Daenerys,8,7
Bronn,Podrick,8,7
Bronn,Randyll,8,7
Ellaria,Theon,8,7
Euron,Tyrion,8,7
Jon,Robett,8,7
Robett,Yohn_Royce,8,7
Benjen,Jon,7,7
Bran,Lyanna,7,7
Bran,Maester_Wolkan,7,7
Cersei,Joffrey,7,7
Daenerys,Euron,7,7
Daenerys,Theon,7,7
Davos,Tormund,7,7
Ellaria,Tyrion,7,7
Jorah,Missandei,7,7
Jorah,Theon,7,7
Lyanna,Rhaegar,7,7
Lyanna_Mormont,Sansa,7,7
Obara,Tyene,7,7
Podrick,Sansa,7,7
Randyll,Tyrion,7,7
Robett,Sansa,7,7
Arya,Joffrey,6,7
Arya,Yohn_Royce,6,7
Brienne,Tormund,6,7
Cersei,Randyll,6,7
Daenerys,Hound,6,7
Ellaria,Mountain,6,7
Ellaria,Qyburn,6,7
Euron,Tyene,6,7
Gendry,Robert,6,7
Gilly,Little_Sam,6,7
Jaime,Jon,6,7
Joffrey,Sansa,6,7
Jon,Lyanna_Mormont,6,7
Jorah,Varys,6,7
Little_Sam,Sam,6,7
Littlefinger,Robett,6,7
Lyanna_Mormont,Yohn_Royce,6,7
Night_King,Tormund,6,7
Theon,Varys,6,7
Tyene,Yara,6,7
Aerys,Cersei,5,7
Aerys,Jon,5,7
Alys,Ned_Umber,5,7
Arya,Catelyn,5,7
Arya,Cersei,5,7
Arya,Maester_Wolkan,5,7
Arya,Podrick,5,7
Brienne,Bronn,5,7
Bronn,Cersei,5,7
Cersei,Ned,5,7
Cersei,Olenna,5,7
Daenerys,Tormund,5,7
Davos,Hound,5,7
Ellaria,Euron,5,7
Euron,Jon,5,7
Hound,Mountain,5,7
Hound,Night_King,5,7
Joffrey,Ned,5,7
Joffrey,Tywin,5,7
Jon,Maester_Wolkan,5,7
Jon,Mountain,5,7
Jon,Podrick,5,7
Jon,Yohn_Royce,5,7
Littlefinger,Podrick,5,7
Ned,Robb,5,7
Qyburn,Tyene,5,7
Aerys,Tyrion,4,7
Arya,Robett,4,7
Beric,Daenerys,4,7
Bran,Eddison_Tollett,4,7
Bran,Ned,4,7
Bran,Rhaegar,4,7
Brienne,Cersei,4,7
Brienne,Davos,4,7
Brienne,Lyanna_Mormont,4,7
Brienne,Robett,4,7
Brienne,Tyrion,4,7
Brienne,Yohn_Royce,4,7
Catelyn,Littlefinger,4,7
Cersei,Davos,4,7
Cersei,Hound,4,7
Cersei,Myrcella,4,7
Cersei,Theon,4,7
Davos,Littlefinger,4,7
Davos,Podrick,4,7
Dickon,Tyrion,4,7
Eddison_Tollett,Meera,4,7
Ellaria,Obara,4,7
Euron,Nymeria,4,7
Euron,Obara,4,7
Euron,Qyburn,4,7
Gendry,Tyrion,4,7
Grey_Worm,Theon,4,7
Hound,Theon,4,7
Jaime,Tywin,4,7
Jeor,Jon,4,7
Jeor,Jorah,4,7
Jeor,Sam,4,7
Joffrey,Tyrion,4,7
Jon,Lyanna,4,7
Jon,Melisandre,4,7
Jon,Ned_Umber,4,7
Jon,Qyburn,4,7
Jorah,Night_King,4,7
Littlefinger,Lyanna_Mormont,4,7
Littlefinger,Ned,4,7
Lyanna,Ned,4,7
Lysa,Sansa,4,7
Maester_Wolkan,Yohn_Royce,4,7
Melisandre,Tyrion,4,7
Mountain,Oberyn,4,7
Mountain,Tyene,4,7
Nymeria,Tyene,4,7
Nymeria,Yara,4,7
Obara,Yara,4,7
Olenna,Randyll,4,7
Olenna,Tyrion,4,7
Podrick,Tormund,4,7
Qyburn,Tyrion,4,7
Robb,Sansa,4,7
Aegon,Daenerys,3,7
Aerys,Varys,3,7
Alys,Jon,3,7
Arya,Lyanna_Mormont,3,7
Arya,Robb,3,7
Arya,Robert,3,7
Balerion,Qyburn,3,7
Beric,Davos,3,7
Bran,Daenerys,3,7
Bran,Yohn_Royce,3,7
Brienne,Mountain,3,7
Brienne,Qyburn,3,7
Brienne,Theon,3,7
Bronn,Davos,3,7
Bronn,Hound,3,7
Bronn,Jon,3,7
Bronn,Varys,3,7
Catelyn,Sansa,3,7
Cersei,Oberyn,3,7
Daenerys,Ellaria,3,7
Daenerys,Ned,3,7
Daenerys,Viserys,3,7
Daenerys,Yara,3,7
Davos,Euron,3,7
Davos,Jaime,3,7
Davos,Lyanna_Mormont,3,7
Davos,Night_King,3,7
Davos,Robert,3,7
Ellaria,Olenna,3,7
Ellaria,Varys,3,7
Harrag,Yara,3,7
Hound,Jaime,3,7
Hound,Podrick,3,7
Hound,Qyburn,3,7
Hound,Varys,3,7
Jaime,Joffrey,3,7
Jaime,Tommen,3,7
Joffrey,Olenna,3,7
Jon,Sam,3,7
Littlefinger,Meera,3,7
Littlefinger,Tormund,3,7
Mountain,Theon,3,7
Ned,Robert,3,7
Ramsay,Sansa,3,7
Robert,Varys,3,7
Sansa,Tormund,3,7
Sansa,Tyrion,3,7
Theon,Tyene,3,7
Tycho,Tywin,3,7
Tyrion,Yara,3,7
Aerys,Ned,2,7
Aerys,Olenna,2,7
Aerys,Sansa,2,7
Arya,Walder,2,7
Balerion,Cersei,2,7
Beric,Ned,2,7
Bran,Brienne,2,7
Bran,Night_King,2,7
Bran,Podrick,2,7
Bran,Tyrion,2,7
Brienne,Euron,2,7
Brienne,Hot_Pie,2,7
Brienne,Jorah,2,7
Brienne,Qhono,2,7
Brienne,Varys,2,7
Bronn,Grey_Worm,2,7
Bronn,Jorah,2,7
Bronn,Olenna,2,7
Bronn,Theon,2,7
Catelyn,Tyrion,2,7
Cersei,Littlefinger,2,7
Cersei,Night_King,2,7
Cersei,Robb,2,7
Cersei,Varys,2,7
Cersei,Yara,2,7
Daenerys,Drogo,2,7
Daenerys,Gendry,2,7
Daenerys,Littlefinger,2,7
Daenerys,Mountain,2,7
Daenerys,Qyburn,2,7
Daenerys,Robert,2,7
Daenerys,Tywin,2,7
Davos,Grey_Worm,2,7
Davos,Mountain,2,7
Davos,Qyburn,2,7
Davos,Robett,2,7
Davos,Yohn_Royce,2,7
Dickon,Olenna,2,7
Dickon,Sam,2,7
Drogo,Jon,2,7
Drogo,Jorah,2,7
Ellaria,Grey_Worm,2,7
Ellaria,Jaime,2,7
Ellaria,Missandei,2,7
Ellaria,Nymeria,2,7
Ellaria,Oberyn,2,7
Euron,Hound,2,7
Gendry,Melisandre,2,7
Grey_Worm,Jaime,2,7
Grey_Worm,Jon,2,7
Grey_Worm,Jorah,2,7
Grey_Worm,Melisandre,2,7
Grey_Worm,Olenna,2,7
Grey_Worm,Yara,2,7
High_Septon,Sam,2,7
Hot_Pie,Jon,2,7
Hound,Missandei,2,7
Hound,Qhono,2,7
Hound,White_Walker,2,7
Howland,Meera,2,7
Jaime,Sansa,2,7
Jaime,Theon,2,7
Jaime,Tyene,2,7
Jeor,Tyrion,2,7
Joanna,Tywin,2,7
Joffrey,Robb,2,7
Joffrey,Robert,2,7
Joffrey,Tommen,2,7
Jon,Robb,2,7
Jon,White_Walker,2,7
Jon_Arryn,Lysa,2,7
Jon_Arryn,Sansa,2,7
Jorah,Podrick,2,7
Jorah,White_Walker,2,7
Lyanna_Mormont,Podrick,2,7
Lyanna_Mormont,Tormund,2,7
Margaery,Olenna,2,7
Marwyn,Maester_Wolkan,2,7
Marwyn,Robert,2,7
Marwyn,Shireen,2,7
Meera,Ned,2,7
Melisandre,Missandei,2,7
Melisandre,Thoros,2,7
Missandei,Olenna,2,7
Missandei,Yara,2,7
Mountain,Myrcella,2,7
Mountain,Randyll,2,7
Myrcella,Oberyn,2,7
Ned,Tyrion,2,7
Night_King,Tyrion,2,7
Nymeria,Theon,2,7
Obara,Theon,2,7
Olenna,Theon,2,7
Olenna,Varys,2,7
Olenna,Yara,2,7
Podrick,Qhono,2,7
Podrick,Robett,2,7
Podrick,Theon,2,7
Podrick,Varys,2,7
Podrick,Yohn_Royce,2,7
Qhono,Tyrion,2,7
Qyburn,Randyll,2,7
Qyburn,Theon,2,7
Rhaegar,Robert,2,7
Robb,Robert,2,7
Robert,Sam,2,7
Robert,Sansa,2,7
Robett,Tormund,2,7
Sam,Stannis,2,7
Tormund,White_Walker,2,7
Tormund,Yohn_Royce,2,7
Varys,Yara,2,7
Daenerys,Jon,194,8
Daenerys,Tyrion,122,8
Jaime,Tyrion,122,8
Brienne,Jaime,121,8
Jon,Tyrion,116,8
Tyrion,Varys,114,8
Sansa,Tyrion,86,8
Davos,Tyrion,72,8
Daenerys,Sansa,71,8
Arya,Gendry,70,8
Arya,Jon,70,8
Jon,Sansa,70,8
Jon,Sam,66,8
Arya,Hound,63,8
Bran,Tyrion,55,8
Arya,Sansa,52,8
Daenerys,Jorah,51,8
Grey_Worm,Jon,50,8
Jon,Tormund,50,8
Jon,Varys,49,8
Davos,Jon,47,8
Brienne,Tyrion,46,8
Daenerys,Varys,44,8
Cersei,Qyburn,41,8
Brienne,Tormund,40,8
Bronn,Tyrion,40,8
Cersei,Euron,40,8
Grey_Worm,Tyrion,40,8
Jaime,Tormund,38,8
Daenerys,Grey_Worm,37,8
Cersei,Daenerys,36,8
Beric,Hound,34,8
Brienne,Podrick,31,8
Cersei,Jaime,31,8
Bran,Jon,30,8
Sam,Tormund,30,8
Bran,Sansa,28,8
Jaime,Podrick,28,8
Bran,Theon,27,8
Davos,Grey_Worm,27,8
Grey_Worm,Missandei,27,8
Hound,Mountain,27,8
Cersei,Tyrion,26,8
Daenerys,Sam,26,8
Gendry,Hound,26,8
Jorah,Sam,26,8
Beric,Tormund,24,8
Bran,Jaime,24,8
Brienne,Sansa,24,8
Cersei,Mountain,24,8
Sam,Tyrion,24,8
Bran,Sam,23,8
Brienne,Grey_Worm,23,8
Brienne,Sam,23,8
Daenerys,Jaime,23,8
Daenerys,Missandei,23,8
Grey_Worm,Sam,23,8
Grey_Worm,Tormund,23,8
Arya,Davos,22,8
Arya,Nora,22,8
Hound,Tormund,22,8
Nora,Vicky,22,8
Sansa,Varys,22,8
Arya,Bran,21,8
Arya,Daenerys,21,8
Daenerys,Gendry,21,8
Missandei,Tyrion,21,8
Bronn,Qyburn,20,8
Podrick,Tormund,20,8
Davos,Tormund,19,8
Gendry,Tormund,19,8
Grey_Worm,Jaime,19,8
Jaime,Sam,19,8
Jon,Night_King,19,8
Qyburn,Tyrion,19,8
Tormund,Tyrion,19,8
Arya,Beric,18,8
Brienne,Davos,18,8
Grey_Worm,Sansa,18,8
Grey_Worm,Varys,18,8
Jorah,Tormund,18,8
Podrick,Tyrion,18,8
Daenerys,Davos,17,8
Davos,Sansa,17,8
Euron,Jaime,17,8
Gendry,Sam,17,8
Jorah,Lyanna_Mormont,17,8
Bran,Daenerys,16,8
Daenerys,Tormund,16,8
Eddison_Tollett,Sam,16,8
Gendry,Grey_Worm,16,8
Beric,Sam,15,8
Bran,Grey_Worm,15,8
Bran,Night_King,15,8
Missandei,Varys,15,8
Arya,Vicky,14,8
Davos,Sam,14,8
Davos,Varys,14,8
Hound,Sansa,14,8
Jaime,Jorah,14,8
Jaime,Sansa,14,8
Missandei,Sansa,14,8
Sansa,Yohn_Royce,14,8
Arya,Grey_Worm,13,8
Arya,Melisandre,13,8
Beric,Jorah,13,8
Brienne,Gendry,13,8
Brienne,Jorah,13,8
Bronn,Jaime,13,8
Eddison_Tollett,Tormund,13,8
Gendry,Jaime,13,8
Lyanna_Mormont,Sam,13,8
Beric,Grey_Worm,12,8
Crayah,Dirah,12,8
Mountain,Qyburn,12,8
Sam,Sansa,12,8
Sansa,Maester_Wolkan,12,8
Arya,Tyrion,11,8
Bran,Brienne,11,8
Brienne,Daenerys,11,8
Brienne,Jon,11,8
Cersei,Harry,11,8
Daenerys,Theon,11,8
Gilly,Sam,11,8
Grey_Worm,Jorah,11,8
Jaime,Jon,11,8
Jon,Jorah,11,8
Jon,Lyanna_Mormont,11,8
Jon,Missandei,11,8
Jorah,Melisandre,11,8
Martha,Varys,11,8
Sansa,Theon,11,8
Arya,Sam,10,8
Beric,Brienne,10,8
Bronn,Davos,10,8
Daenerys,Euron,10,8
Daenerys,Maester_Wolkan,10,8
Daenerys,Night_King,10,8
Davos,Jaime,10,8
Davos,Melisandre,10,8
Hound,Jaime,10,8
Jaime,Lyanna_Mormont,10,8
Jorah,Sansa,10,8
Jorah,Tyrion,10,8
Sansa,Tormund,10,8
Beric,Eddison_Tollett,9,8
Beric,Jaime,9,8
Bran,Davos,9,8
Brienne,Varys,9,8
Cersei,Missandei,9,8
Davos,Podrick,9,8
Gilly,Jon,9,8
Gilly,Little_Sam,9,8
Hound,Jorah,9,8
Jon,Lyanna,9,8
Jorah,Varys,9,8
Tyrion,Maester_Wolkan,9,8
Tyrion,Yohn_Royce,9,8
Alys,Tyrion,8,8
Beric,Jon,8,8
Bran,Varys,8,8
Bronn,Sam,8,8
Eddison_Tollett,Jon,8,8
Euron,Yara,8,8
Gendry,Jorah,8,8
Gendry,Podrick,8,8
Gilly,Sansa,8,8
Gilly,Tyrion,8,8
Gilly,Varys,8,8
Hound,Melisandre,8,8
Hound,Sam,8,8
Night_King,Theon,8,8
Podrick,Sam,8,8
Theon,Yara,8,8
Arya,Tormund,7,8
Arya,Varys,7,8
Brienne,Hound,7,8
Brienne,Lyanna_Mormont,7,8
Bronn,Crayah,7,8
Daenerys,Hound,7,8
Daenerys,Lyanna_Mormont,7,8
Gendry,Jon,7,8
Grey_Worm,Lyanna_Mormont,7,8
Grey_Worm,Podrick,7,8
Jaime,Varys,7,8
Jon,Ned,7,8
Jon,Rhaegar,7,8
Lyanna_Mormont,Sansa,7,8
Lyanna_Mormont,Tyrion,7,8
Alys,Davos,6,8
Alys,Varys,6,8
Arya,Brienne,6,8
Beric,Gendry,6,8
Beric,Melisandre,6,8
Bran,Jorah,6,8
Bran,Missandei,6,8
Bran,Yohn_Royce,6,8
Brienne,Maester_Wolkan,6,8
Brienne,Missandei,6,8
Brienne,Yohn_Royce,6,8
Cersei,Hound,6,8
Daenerys,Yohn_Royce,6,8
Davos,Gendry,6,8
Davos,Gilly,6,8
Davos,Maester_Wolkan,6,8
Davos,Yohn_Royce,6,8
Euron,Mountain,6,8
Euron,Qyburn,6,8
Gendry,Tyrion,6,8
Grey_Worm,Hound,6,8
Grey_Worm,Qhono,6,8
Jon,Maester_Wolkan,6,8
Little_Sam,Sansa,6,8
Little_Sam,Tyrion,6,8
Little_Sam,Varys,6,8
Lyanna_Mormont,Tormund,6,8
Qhono,Sam,6,8
Sam,Varys,6,8
Sam,Yohn_Royce,6,8
Tormund,Varys,6,8
Alys,Bran,5,8
Alys,Daenerys,5,8
Alys,Grey_Worm,5,8
Alys,Jon,5,8
Alys,Jorah,5,8
Alys,Lyanna_Mormont,5,8
Alys,Sansa,5,8
Arya,Cersei,5,8
Arya,Jorah,5,8
Arya,Missandei,5,8
Bran,Lyanna_Mormont,5,8
Brienne,Bronn,5,8
Bronn,Dirah,5,8
Bronn,Marei,5,8
Cersei,Grey_Worm,5,8
Edmure,Sansa,5,8
Gendry,Robert,5,8
Gendry,Sansa,5,8
Gilly,Tormund,5,8
Grey_Worm,Melisandre,5,8
Grey_Worm,Yohn_Royce,5,8
Joffrey,Tyrion,5,8
Lyanna_Mormont,Varys,5,8
Melisandre,Tormund,5,8
Missandei,Mountain,5,8
Sam,Maester_Wolkan,5,8
Theon,Tyrion,5,8
Tormund,Willa,5,8
Tyrion,Tywin,5,8
Varys,Maester_Wolkan,5,8
Alys,Brienne,4,8
Alys,Jaime,4,8
Alys,Sam,4,8
Alys,Theon,4,8
Alys,Yohn_Royce,4,8
Arya,Lyanna_Mormont,4,8
Arya,Maester_Wolkan,4,8
Arya,Owen,4,8
Arya,Qhono,4,8
Arya,Theon,4,8
Arya,Yohn_Royce,4,8
Beric,Daenerys,4,8
Beric,Davos,4,8
Beric,Lyanna_Mormont,4,8
Beric,Sansa,4,8
Bran,Gendry,4,8
Bran,Maester_Wolkan,4,8
Bran,Qhono,4,8
Bran,Tormund,4,8
Brienne,Qhono,4,8
Bronn,Cersei,4,8
Daenerys,Mountain,4,8
Daenerys,Podrick,4,8
Daenerys,Qhono,4,8
Daenerys,Qyburn,4,8
Daenerys,Viserys,4,8
Davos,Jorah,4,8
Davos,Lyanna_Mormont,4,8
Davos,Missandei,4,8
Davos,Qhono,4,8
Davos,Teela,4,8
Dornish_Prince,Yara,4,8
Eddison_Tollett,Grey_Worm,4,8
Eddison_Tollett,Jorah,4,8
Edmure,Yohn_Royce,4,8
Euron,Harry,4,8
Euron,Missandei,4,8
Euron,Tyrion,4,8
Gilly,Missandei,4,8
Grey_Worm,Maester_Wolkan,4,8
Hound,Jon,4,8
Hound,Nora,4,8
Hound,Podrick,4,8
Hound,Qyburn,4,8
Jaime,Qhono,4,8
Jaime,Yohn_Royce,4,8
Jon,Qhono,4,8
Jon,Theon,4,8
Jon,Yohn_Royce,4,8
Jorah,Missandei,4,8
Jorah,Podrick,4,8
Jorah,Qhono,4,8
Jorah,Yohn_Royce,4,8
Lyanna,Ned,4,8
Lyanna,Rhaegar,4,8
Lyanna_Mormont,Qhono,4,8
Lyanna_Mormont,Theon,4,8
Lyanna_Mormont,Yohn_Royce,4,8
Maester_Wolkan,Yohn_Royce,4,8
Missandei,Sam,4,8
Qhono,Sansa,4,8
Qhono,Tormund,4,8
Qhono,Tyrion,4,8
Qhono,Varys,4,8
Robin,Maester_Wolkan,4,8
Sam,Theon,4,8
Sansa,Yara,4,8
Varys,Yohn_Royce,4,8
Alys,Arya,3,8
Alys,Maester_Wolkan,3,8
Alys,Tormund,3,8
Arya,Jaime,3,8
Arya,Night_King,3,8
Arya,Yara,3,8
Beric,Bran,3,8
Beric,Ned_Umber,3,8
Beric,Theon,3,8
Beric,Tyrion,3,8
Beric,Varys,3,8
Bran,Bronn,3,8
Bran,Podrick,3,8
Brienne,Eddison_Tollett,3,8
Cersei,Jon,3,8
Cersei,Sansa,3,8
Cersei,Tywin,3,8
Cersei,Varys,3,8
Crayah,Marei,3,8
Crayah,Qyburn,3,8
Daenerys,Randyll,3,8
Daenerys,Yara,3,8
Davos,Hound,3,8
Davos,Theon,3,8
Dirah,Marei,3,8
Dornish_Prince,Robin,3,8
Eddison_Tollett,Gendry,3,8
Eddison_Tollett,Hound,3,8
Eddison_Tollett,Jaime,3,8
Edmure,Maester_Wolkan,3,8
Edmure,Riverlands_Lord,3,8
Edmure,Robin,3,8
Edmure,Sam,3,8
Edmure,Tyrion,3,8
Gendry,Vale_Lord,3,8
Gendry,Yohn_Royce,3,8
Grey_Worm,Mountain,3,8
Grey_Worm,Theon,3,8
Grey_Worm,Unsullied_Captain,3,8
Grey_Worm,Yara,3,8
Hound,Sarra,3,8
Hound,Vicky,3,8
Ironborn_Lord,Vale_Lord,3,8
Ironborn_Lord,Yara,3,8
Jaime,Missandei,3,8
Jon,Robert,3,8
Jorah,Theon,3,8
Lyanna,Varys,3,8
Lyanna_Mormont,Missandei,3,8
Marwyn,Sam,3,8
Missandei,Qyburn,3,8
Mountain,Tyrion,3,8
Ned,Rhaegar,3,8
Ned,Sansa,3,8
Ned_Umber,Sansa,3,8
Randyll,Sam,3,8
Rhaegar,Varys,3,8
Riverlands_Lord,Yohn_Royce,3,8
Robin,Sam,3,8
Robin,Sansa,3,8
Robin,Yohn_Royce,3,8
Theon,Tormund,3,8
Theon,Varys,3,8
Aegon,Daenerys,2,8
Aerys,Daenerys,2,8
Aerys,Jon,2,8
Alanna,Owen,2,8
Alton,Jaime,2,8
Alys,Beric,2,8
Alys,Gendry,2,8
Alys,Missandei,2,8
Alys,Qhono,2,8
Arya,Dornish_Prince,2,8
Arya,Eddison_Tollett,2,8
Arya,Edmure,2,8
Arya,Ironborn_Lord,2,8
Arya,Mountain,2,8
Arya,Podrick,2,8
Arya,Riverlands_Lord,2,8
Arya,Robin,2,8
Arya,Vale_Lord,2,8
Beric,Gilly,2,8
Beric,Night_King,2,8
Beric,Podrick,2,8
Beric,Qhono,2,8
Beric,Teela,2,8
Beric,Yohn_Royce,2,8
Bran,Dornish_Prince,2,8
Bran,Edmure,2,8
Bran,Ironborn_Lord,2,8
Bran,Riverlands_Lord,2,8
Bran,Robin,2,8
Bran,Vale_Lord,2,8
Bran,Yara,2,8
Brienne,Catelyn,2,8
Brienne,Dornish_Prince,2,8
Brienne,Edmure,2,8
Brienne,Ironborn_Lord,2,8
Brienne,Riverlands_Lord,2,8
Brienne,Robin,2,8
Brienne,Theon,2,8
Brienne,Vale_Lord,2,8
Brienne,Yara,2,8
Bronn,Daenerys,2,8
Bronn,Joffrey,2,8
Cersei,Cerseis_Baby,2,8
Cersei,Robert,2,8
Cerseis_Baby,Jaime,2,8
Cerseis_Baby,Tyrion,2,8
Crayah,William,2,8
Daenerys,Dickon,2,8
Daenerys,Eddison_Tollett,2,8
Daenerys,Lyanna,2,8
Daenerys,Ned_Umber,2,8
Daenerys,Robert,2,8
Daenerys,Tywin,2,8
Davos,Dornish_Prince,2,8
Davos,Eddison_Tollett,2,8
Davos,Edmure,2,8
Davos,Harry,2,8
Davos,Ironborn_Lord,2,8
Davos,Riverlands_Lord,2,8
Davos,Robin,2,8
Davos,Vale_Lord,2,8
Davos,Yara,2,8
Dickon,Randyll,2,8
Dickon,Sam,2,8
Dornish_Prince,Edmure,2,8
Dornish_Prince,Gendry,2,8
Dornish_Prince,Grey_Worm,2,8
Dornish_Prince,Ironborn_Lord,2,8
Dornish_Prince,Maester_Wolkan,2,8
Dornish_Prince,Riverlands_Lord,2,8
Dornish_Prince,Sam,2,8
Dornish_Prince,Sansa,2,8
Dornish_Prince,Tyrion,2,8
Dornish_Prince,Vale_Lord,2,8
Dornish_Prince,Yohn_Royce,2,8
Eddison_Tollett,Gilly,2,8
Eddison_Tollett,Lyanna_Mormont,2,8
Eddison_Tollett,Ned_Umber,2,8
Eddison_Tollett,Sansa,2,8
Eddison_Tollett,Teela,2,8
Edmure,Gendry,2,8
Edmure,Grey_Worm,2,8
Edmure,Ironborn_Lord,2,8
Edmure,Vale_Lord,2,8
Edmure,Yara,2,8
Euron,Grey_Worm,2,8
Euron,Theon,2,8
Euron,Varys,2,8
Gendry,Ironborn_Lord,2,8
Gendry,Lyanna_Mormont,2,8
Gendry,Maester_Wolkan,2,8
Gendry,Qhono,2,8
Gendry,Riverlands_Lord,2,8
Gendry,Robin,2,8
Gendry,Yara,2,8
Gilly,Podrick,2,8
Gilly,Teela,2,8
Grey_Worm,Harry,2,8
Grey_Worm,Ironborn_Lord,2,8
Grey_Worm,Riverlands_Lord,2,8
Grey_Worm,Robin,2,8
Grey_Worm,Vale_Lord,2,8
Harry,Jon,2,8
Hound,Tyrion,2,8
Hound,Willa,2,8
Ironborn_Lord,Maester_Wolkan,2,8
Ironborn_Lord,Riverlands_Lord,2,8
Ironborn_Lord,Robin,2,8
Ironborn_Lord,Sam,2,8
Ironborn_Lord,Sansa,2,8
Ironborn_Lord,Tyrion,2,8
Ironborn_Lord,Yohn_Royce,2,8
Jaime,Maester_Wolkan,2,8
Jaime,Qyburn,2,8
Jaime,Theon,2,8
Jaime,Tywin,2,8
Joffrey,Sansa,2,8
Jon,Podrick,2,8
Jon,Teela,2,8
Jon,Unsullied_Captain,2,8
Little_Sam,Missandei,2,8
Little_Sam,Podrick,2,8
Little_Sam,Sam,2,8
Littlefinger,Ramsay,2,8
Lyanna,Robert,2,8
Lyanna,Sam,2,8
Maester_Wolkan,Yara,2,8
Melisandre,Qhono,2,8
Missandei,Maester_Wolkan,2,8
Missandei,Podrick,2,8
Missandei,Qhono,2,8
Missandei,Yohn_Royce,2,8
Mountain,Varys,2,8
Ned,Robert,2,8
Ned,Varys,2,8
Ned_Umber,Tormund,2,8
Podrick,Sansa,2,8
Podrick,Theon,2,8
Podrick,Varys,2,8
Qhono,Maester_Wolkan,2,8
Qhono,Theon,2,8
Qhono,Yohn_Royce,2,8
Rhaegar,Sam,2,8
Riverlands_Lord,Maester_Wolkan,2,8
Riverlands_Lord,Robin,2,8
Riverlands_Lord,Sam,2,8
Riverlands_Lord,Sansa,2,8
Riverlands_Lord,Tyrion,2,8
Riverlands_Lord,Vale_Lord,2,8
Riverlands_Lord,Yara,2,8
Robert,Sam,2,8
Robin,Tyrion,2,8
Robin,Vale_Lord,2,8
Robin,Yara,2,8
Sam,Teela,2,8
Sam,Vale_Lord,2,8
Sam,Yara,2,8
Sansa,Sarra,2,8
Sansa,Vale_Lord,2,8
Sansa,Willa,2,8
Sarra,Tormund,2,8
Sarra,Willa,2,8
Teela,Tormund,2,8
Theon,Maester_Wolkan,2,8
Theon,Yohn_Royce,2,8
Tormund,Yohn_Royce,2,8
Tyrion,Vale_Lord,2,8
Tyrion,Yara,2,8
Vale_Lord,Maester_Wolkan,2,8
Vale_Lord,Yara,2,8
Vale_Lord,Yohn_Royce,2,8
Yara,Yohn_Royce,2,8