Source,Target,Weight,Season
NED,ROBERT,192,1
DAENERYS,JORAH,154,1
JON,SAM,121,1
LITTLEFINGER,NED,107,1
NED,VARYS,96,1
DAENERYS,DROGO,91,1
ARYA,NED,90,1
CATELYN,ROBB,90,1
BRONN,TYRION,86,1
CERSEI,NED,86,1
CERSEI,ROBERT,80,1
LITTLEFINGER,VARYS,73,1
SHAE,TYRION,73,1
CATELYN,NED,69,1
JOFFREY,SANSA,69,1
NED,PYCELLE,68,1
DAENERYS,VISERYS,66,1
SANSA,SEPTA_MORDANE,64,1
TYRION,TYWIN,61,1
JEOR,JON,60,1
ROBB,THEON,60,1
CERSEI,JOFFREY,54,1
ARYA,SANSA,53,1
BRAN,MAESTER_LUWIN,53,1
JAIME,NED,53,1
NED,SANSA,49,1
BRAN,ROBB,48,1
LORAS,RENLY,47,1
CERSEI,JAIME,46,1
DAENERYS,MIRRI_MAZ_DUUR,45,1
JON,TYRION,45,1
ARYA,SYRIO_FOREL,44,1
JORY_CASSEL,NED,44,1
JORAH,VISERYS,43,1
JON,PYP,42,1
CATELYN,TYRION,41,1
ROS,THEON,40,1
JOFFREY,NED,39,1
CERSEI,SANSA,36,1
GRENN,PYP,36,1
CATELYN,WALDER,34,1
DAENERYS,DOREAH,34,1
JAIME,TYRION,34,1
JAIME,TYWIN,34,1
BENJEN,JON,33,1
DAENERYS,IRRI,32,1
GREATJON_UMBER,ROBB,31,1
MORD,TYRION,31,1
CATELYN,LYSA,30,1
DOREAH,VISERYS,30,1
JORAH,RAKHARO,30,1
LYSA,ROBIN,30,1
LYSA,TYRION,30,1
NED,RENLY,30,1
PYP,SAM,30,1
RENLY,ROBERT,30,1
BRAN,NED,29,1
BRAN,OSHA,29,1
JON,NED,29,1
BRAN,CATELYN,28,1
CATELYN,JAIME,28,1
CATELYN,RODRIK,28,1
DAENERYS,QOTHO,28,1
JOFFREY,ROBERT,28,1
JON,MAESTER_AEMON,28,1
DROGO,VISERYS,27,1
JAIME,JORY_CASSEL,27,1
BRAN,THEON,26,1
CATELYN,LITTLEFINGER,26,1
CATELYN,MAESTER_LUWIN,26,1
BARRISTAN,NED,25,1
ILLYRIO,VISERYS,25,1
JON,ROBB,25,1
OSHA,THEON,25,1
ARYA,JOFFREY,24,1
GRENN,JON,24,1
NED,ROBB,23,1
BARRISTAN,ROBERT,22,1
CATELYN,CERSEI,22,1
LITTLEFINGER,SANSA,22,1
SHAGGA,TYRION,22,1
TYRION,YOREN,22,1
ALLISER_THORNE,JON,20,1
ARYA,JON,20,1
DROGO,JORAH,20,1
JAIME,ROBERT,20,1
BRAN,JON,19,1
DAENERYS,WINE_MERCHANT,19,1
HOUND,SANSA,19,1
LITTLEFINGER,PYCELLE,19,1
LITTLEFINGER,ROS,19,1
THEON,TYRION,19,1
ALLISER_THORNE,SAM,18,1
ARYA,YOREN,18,1
CERSEI,TYRION,18,1
BENJEN,TYRION,17,1
DAENERYS,RAKHARO,17,1
JEOR,SAM,17,1
LITTLEFINGER,RENLY,17,1
MAESTER_LUWIN,ROBB,17,1
ROBERT,SANSA,17,1
ROS,TYRION,17,1
CATELYN,THEON,16,1
GRENN,SAM,16,1
HOUND,JOFFREY,16,1
ROBB,TYRION,16,1
BRAN,TYRION,15,1
CATELYN,ROBERT,15,1
JEOR,TYRION,15,1
JOFFREY,TYRION,15,1
JOFFREY,VARYS,15,1
LANCEL,ROBERT,15,1
MIRRI_MAZ_DUUR,QOTHO,15,1
NED,YOREN,15,1
PYCELLE,VARYS,15,1
BENJEN,NED,14,1
BRAN,RICKON,14,1
CATELYN,JON,14,1
CATELYN,SANSA,14,1
JOFFREY,MARILLION,14,1
KEVAN,TYRION,14,1
LITTLEFINGER,ROBERT,14,1
BARRISTAN,CERSEI,13,1
CATELYN,VARDIS_EGEN,13,1
CERSEI,VARYS,13,1
DAENERYS,RHAEGO,13,1
JANOS,NED,13,1
JOFFREY,PYCELLE,13,1
MAESTER_LUWIN,THEON,13,1
NED,THEON,13,1
PYCELLE,SANSA,13,1
GENDRY,NED,12,1
HOT_PIE,LOMMY_GREENHANDS,12,1
JOFFREY,LITTLEFINGER,12,1
JOFFREY,MERYN_TRANT,12,1
JOFFREY,ROBB,12,1
JON_ARRYN,NED,12,1
KEVAN,TYWIN,12,1
MAESTER_LUWIN,OSHA,12,1
ARYA,SEPTA_MORDANE,11,1
BRAN,HODOR,11,1
BRONN,SHAE,11,1
CATELYN,GREATJON_UMBER,11,1
CATELYN,VARYS,11,1
GREATJON_UMBER,THEON,11,1
IRRI,RAKHARO,11,1
MERYN_TRANT,SYRIO_FOREL,11,1
NED,TYRION,11,1
NED,TYWIN,11,1
PYCELLE,ROBERT,11,1
RENLY,STANNIS,11,1
ROBB,RODRIK,11,1
ROBERT,VARYS,11,1
ALLISER_THORNE,PYP,10,1
ARYA,ROBERT,10,1
CATELYN,ROBIN,10,1
DAENERYS,ILLYRIO,10,1
DROGO,MAGO,10,1
HOUND,NED,10,1
HOUND,TYRION,10,1
JAIME,JON,10,1
JAIME,ROBB,10,1
JEOR,PYP,10,1
JOFFREY,MYCAH,10,1
JORAH,WINE_MERCHANT,10,1
MERYN_TRANT,SANSA,10,1
NED,RODRIK,10,1
NED,STANNIS,10,1
NED,TOBHO_MOTT,10,1
PYP,RAST,10,1
ALLISER_THORNE,JEOR,9,1
ARYA,CERSEI,9,1
BRAN,JAIME,9,1
BRAN,OLD_NAN,9,1
CERSEI,PYCELLE,9,1
DROGO,MIRRI_MAZ_DUUR,9,1
ILLYRIO,VARYS,9,1
IRRI,JORAH,9,1
JEOR,MAESTER_AEMON,9,1
MHAEGEN,NED,9,1
NED,SEPTA_MORDANE,9,1
PYCELLE,ROS,9,1
RENLY,VARYS,9,1
ROBB,SANSA,9,1
ROBIN,TYRION,9,1
RODRIK,TYRION,9,1
VARDIS_EGEN,TYRION,9,1
AERYS,NED,8,1
BAELOR,NED,8,1
CERSEI,LITTLEFINGER,8,1
CERSEI,ROBB,8,1
DAENERYS,MAGO,8,1
DAREON,PYP,8,1
HOUND,MERYN_TRANT,8,1
JORAH,MIRRI_MAZ_DUUR,8,1
OSHA,ROBB,8,1
PYCELLE,RENLY,8,1
ROBERT,TYWIN,8,1
RODRIK,THEON,8,1
SANSA,VARYS,8,1
AERYS,ROBERT,7,1
ALLISER_THORNE,GRENN,7,1
ARYA,CATELYN,7,1
ARYA,GENDRY,7,1
ARYA,HOUND,7,1
ARYA,JORY_CASSEL,7,1
ARYA,STABLE_BOY,7,1
ARYA,VARYS,7,1
BRAN,ROBERT,7,1
BRONN,CATELYN,7,1
GREATJON_UMBER,RODRIK,7,1
HUGH_OF_THE_VALE,JORY_CASSEL,7,1
JON,RAST,7,1
JON,THEON,7,1
JON_ARRYN,ROBERT,7,1
JORY_CASSEL,LITTLEFINGER,7,1
LYSA,VARDIS_EGEN,7,1
MAESTER_AEMON,TYRION,7,1
MAESTER_LUWIN,TYRION,7,1
ROBERT,TYRION,7,1
ROBERT,VISERYS,7,1
ARYA,ROBB,6,1
BARRISTAN,VARYS,6,1
BRONN,RODRIK,6,1
DROGO,ILLYRIO,6,1
DROGO,QOTHO,6,1
DROGO,RHAEGO,6,1
GRENN,RAST,6,1
GRENN,TYRION,6,1
HOUND,ROBERT,6,1
HUGH_OF_THE_VALE,NED,6,1
JAIME,JOFFREY,6,1
JEOR,OTHELL_YARWYCK,6,1
JEOR,OTHOR,6,1
LITTLEFINGER,MOUNTAIN,6,1
LITTLEFINGER,TYRION,6,1
MAESTER_AEMON,PYP,6,1
MAESTER_AEMON,SAM,6,1
NED,SYRIO_FOREL,6,1
NED,TOMARD,6,1
OTHELL_YARWYCK,SAM,6,1
PYP,TYRION,6,1
RAST,SAM,6,1
SHAGGA,TYWIN,6,1
ARYA,BAELOR,5,1
ARYA,BRAN,5,1
ARYA,HOT_PIE,5,1
ARYA,LITTLEFINGER,5,1
ARYA,MERYN_TRANT,5,1
ARYA,MYCAH,5,1
BARRISTAN,JOFFREY,5,1
BENJEN,ROBB,5,1
BENJEN,YOREN,5,1
BRAN,RODRIK,5,1
BRONN,LYSA,5,1
BRONN,SHAGGA,5,1
BRONN,TYWIN,5,1
CATELYN,MORD,5,1
DAENERYS,ROBERT,5,1
DOREAH,IRRI,5,1
DROGO,RAKHARO,5,1
GARED,ROYCE,5,1
GENDRY,TOBHO_MOTT,5,1
HOUND,LITTLEFINGER,5,1
HOUND,MOUNTAIN,5,1
JAIME,KEVAN,5,1
JAIME,LITTLEFINGER,5,1
JANOS,VARYS,5,1
JOFFREY,SEPTA_MORDANE,5,1
JON,OTHELL_YARWYCK,5,1
JON,OTHOR,5,1
JON_ARRYN,LITTLEFINGER,5,1
JON_ARRYN,LYSA,5,1
JONOS_BRACKEN,ROBB,5,1
JORAH,QOTHO,5,1
LYSA,MORD,5,1
MAESTER_LUWIN,NED,5,1
MARILLION,RODRIK,5,1
MARILLION,TYRION,5,1
MASHA_HEDDLE,TYRION,5,1
MOUNTAIN,NED,5,1
RENLY,SANSA,5,1
ROBB,ROBERT,5,1
ROBB,TYWIN,5,1
ROBB,WALDER,5,1
ROBERT,STANNIS,5,1
AERYS,RICKARD_STARK,4,1
ALLISER_THORNE,RAST,4,1
ARYA,ILYN_PAYNE,4,1
BAELOR,YOREN,4,1
BARRISTAN,JAIME,4,1
BARRISTAN,LITTLEFINGER,4,1
BARRISTAN,PYCELLE,4,1
BRAN,CERSEI,4,1
BRONN,VARDIS_EGEN,4,1
CATELYN,JON_ARRYN,4,1
CATELYN,MARILLION,4,1
CATELYN,TYWIN,4,1
CERSEI,HOUND,4,1
DAENERYS,VARYS,4,1
DAREON,JON,4,1
DAREON,SAM,4,1
GARED,WILL,4,1
GRENN,JEOR,4,1
HOUND,LORAS,4,1
HUGH_OF_THE_VALE,LITTLEFINGER,4,1
ILYN_PAYNE,JOFFREY,4,1
ILYN_PAYNE,NED,4,1
ILYN_PAYNE,SANSA,4,1
ILYN_PAYNE,YOREN,4,1
JAIME,ROS,4,1
JAIME,THEON,4,1
JORY_CASSEL,ROBERT,4,1
LANCEL,NED,4,1
LITTLEFINGER,SEPTA_MORDANE,4,1
LITTLEFINGER,TYWIN,4,1
LORAS,MOUNTAIN,4,1
LORAS,NED,4,1
LORAS,SANSA,4,1
LYANNA,NED,4,1
MIRRI_MAZ_DUUR,RAKHARO,4,1
MOUNTAIN,ROBERT,4,1
MOUNTAIN,SANSA,4,1
MYCAH,SANSA,4,1
NED,RICKARD_STARK,4,1
OLD_NAN,ROBB,4,1
ROYCE,WILL,4,1
RYGER_RIVERS,WALDER,4,1
SANSA,YOREN,4,1
SHAE,TYWIN,4,1
STEVRON_FREY,WALDER,4,1
WAYMAR_ROYCE,WILL,4,1
ADDAM_MARBRAND,KEVAN,3,1
ADDAM_MARBRAND,LEO_LEFFORD,3,1
AERYS,JAIME,3,1
AERYS,RHAEGAR,3,1
ALLISER_THORNE,OTHELL_YARWYCK,3,1
ARYA,JAIME,3,1
ARYA,PYCELLE,3,1
ASSASSIN,CATELYN,3,1
BAELOR,ILYN_PAYNE,3,1
BALON,THEON,3,1
BARRISTAN,LANCEL,3,1
BARRISTAN,RENLY,3,1
BERIC,NED,3,1
BRAN,WILL,3,1
BRANDON_STARK,NED,3,1
BRONN,MORD,3,1
BRONN,ROBIN,3,1
CATELYN,HOSTER,3,1
CATELYN,JOFFREY,3,1
CATELYN,MASHA_HEDDLE,3,1
CATELYN,YOREN,3,1
CERSEI,ILYN_PAYNE,3,1
CERSEI,JON,3,1
CERSEI,JON_ARRYN,3,1
CERSEI,LANCEL,3,1
CERSEI,RENLY,3,1
CERSEI,TYWIN,3,1
COHOLLO,DROGO,3,1
DAENERYS,NED,3,1
DOREAH,DROGO,3,1
DOREAH,WINE_MERCHANT,3,1
GENDRY,HOT_PIE,3,1
GREATJON_UMBER,JAIME,3,1
GREATJON_UMBER,TYWIN,3,1
HODOR,ROBB,3,1
HODOR,THEON,3,1
HODOR,TYRION,3,1
HOSTER,WALDER,3,1
HOUND,ILYN_PAYNE,3,1
IRRI,JHIQUI,3,1
IRRI,VISERYS,3,1
JANOS,RENLY,3,1
JEOR,NED,3,1
JEOR,ROBERT,3,1
JOFFREY,RENLY,3,1
JOFFREY,TYWIN,3,1
JOFFREY,YOREN,3,1
JON,ROBERT,3,1
JON,WILL,3,1
JON_ARRYN,PYCELLE,3,1
JON_ARRYN,ROBIN,3,1
JORAH,RHAEGO,3,1
LITTLEFINGER,STANNIS,3,1
LORAS,ROBERT,3,1
LYANNA,ROBERT,3,1
MERYN_TRANT,NED,3,1
MORD,ROBIN,3,1
MORD,VARDIS_EGEN,3,1
MYCAH,NED,3,1
MYRCELLA,TYRION,3,1
NED,PYP,3,1
NED,WILL,3,1
OSHA,RICKON,3,1
QOTHO,RAKHARO,3,1
RAKHARO,VISERYS,3,1
RAKHARO,WINE_MERCHANT,3,1
RAST,TYRION,3,1
RENLY,ROBB,3,1
RICKON,ROBB,3,1
ROBIN,VARDIS_EGEN,3,1
THEON,WALDER,3,1
VARYS,YOREN,3,1
ADDAM_MARBRAND,TYWIN,2,1
AEGON,AERYS,2,1
AEGON,MAESTER_AEMON,2,1
AERYS,BARRISTAN,2,1
AERYS,CATELYN,2,1
AERYS,JORAH,2,1
AERYS,MAESTER_AEMON,2,1
AERYS,RENLY,2,1
AERYS,SANSA,2,1
AERYS,SEPTA_MORDANE,2,1
ALLISER_THORNE,MAESTER_AEMON,2,1
ARYA,ILLYRIO,2,1
ARYA,LOMMY_GREENHANDS,2,1
ARYA,TYRION,2,1
ASSASSIN,BRAN,2,1
ASSASSIN,ROBB,2,1
BAELOR,CERSEI,2,1
BAELOR,HOUND,2,1
BAELOR,JOFFREY,2,1
BAELOR,PYCELLE,2,1
BAELOR,SANSA,2,1
BALON,TYRION,2,1
BENJEN,CATELYN,2,1
BENJEN,CERSEI,2,1
BENJEN,JEOR,2,1
BENJEN,ROBERT,2,1
BERIC,ROBERT,2,1
BORCAS,DAREON,2,1
BORCAS,PYP,2,1
BOWEN_MARSH,DAREON,2,1
BOWEN_MARSH,PYP,2,1
BRAN,BRANDON_STARK,2,1
BRAN,HOUND,2,1
BRANDON_STARK,CATELYN,2,1
BRANDON_STARK,JON,2,1
BRANDON_STARK,RICKARD_STARK,2,1
BRONN,KEVAN,2,1
BRONN,MARILLION,2,1
CATELYN,DAENERYS,2,1
CATELYN,HOUND,2,1
CATELYN,STEVRON_FREY,2,1
CERSEI,JEOR,2,1
CERSEI,LYANNA,2,1
CERSEI,MERYN_TRANT,2,1
CERSEI,ROS,2,1
CERSEI,STANNIS,2,1
CERSEI,YOREN,2,1
DAENERYS,JHIQUI,2,1
DAENERYS,SANSA,2,1
DAREON,GRENN,2,1
DAREON,JEOR,2,1
DAREON,LUKE,2,1
DAREON,MAESTER_AEMON,2,1
DAREON,RAST,2,1
DOREAH,IROGENIA,2,1
DOREAH,JHIQUI,2,1
DOREAH,JORAH,2,1
DROGO,IRRI,2,1
DROGO,ROBERT,2,1
GALBART_GLOVER,GREATJON_UMBER,2,1
GALBART_GLOVER,JONOS_BRACKEN,2,1
GALBART_GLOVER,ROBB,2,1
GENDRY,VARYS,2,1
GENDRY,YOREN,2,1
GREATJON_UMBER,NED,2,1
GREATJON_UMBER,RENLY,2,1
GREATJON_UMBER,RICKARD_KARSTARK,2,1
GREATJON_UMBER,STANNIS,2,1
GREATJON_UMBER,WALDER,2,1
HIGH_SEPTON,NED,2,1
HODOR,OSHA,2,1
HOUND,JAIME,2,1
HOUND,ROBB,2,1
HOUND,YOREN,2,1
HUGH_OF_THE_VALE,JON_ARRYN,2,1
HUGH_OF_THE_VALE,MOUNTAIN,2,1
HUGH_OF_THE_VALE,SANSA,2,1
ILLYRIO,JORAH,2,1
ILYN_PAYNE,MERYN_TRANT,2,1
ILYN_PAYNE,VARYS,2,1
JAIME,JON_ARRYN,2,1
JAIME,RICKARD_STARK,2,1
JAIME,SANSA,2,1
JAIME,TYSHA,2,1
JANOS,LITTLEFINGER,2,1
JANOS,PYCELLE,2,1
JAREMY_RYKKER,JEOR,2,1
JAREMY_RYKKER,OTHELL_YARWYCK,2,1
JAREMY_RYKKER,PYP,2,1
JEOR,JOFFREY,2,1
JOANNA,TYRION,2,1
JOFFREY,JON,2,1
JOFFREY,TOMMEN,2,1
JOFFREY,WILL,2,1
JON,RODRIK,2,1
JON,ROS,2,1
JON_ARRYN,VARYS,2,1
JORAH,LITTLE_BIRD,2,1
JORAH,NED,2,1
JORAH,VARYS,2,1
JORY_CASSEL,MHAEGEN,2,1
JORY_CASSEL,THEON,2,1
JOYEUSE,WALDER,2,1
KEVAN,LEO_LEFFORD,2,1
KEVAN,SHAGGA,2,1
LANCEL,RENLY,2,1
LEO_LEFFORD,TYRION,2,1
LITTLEFINGER,LORAS,2,1
LITTLEFINGER,MHAEGEN,2,1
LITTLEFINGER,YOREN,2,1
LORAS,MACE,2,1
LUKE,PYP,2,1
MAESTER_LUWIN,ROBERT,2,1
MAESTER_LUWIN,RODRIK,2,1
MAESTER_LUWIN,SANSA,2,1
MARILLION,MERYN_TRANT,2,1
MARILLION,YOREN,2,1
MELESSA,SAM,2,1
MORD,RODRIK,2,1
NED,ROOSE_BOLTON,2,1
NED,ROS,2,1
NED,STEFFON,2,1
NED,VARLY,2,1
OLD_NAN,THEON,2,1
OTHELL_YARWYCK,PYP,2,1
OTHOR,PYP,2,1
OTHOR,SAM,2,1
PYCELLE,TYWIN,2,1
PYCELLE,YOREN,2,1
RANDYLL,SAM,2,1
RENLY,TOMARD,2,1
RHAEGAR,ROBERT,2,1
RHAEGO,VISERYS,2,1
RICKARD_KARSTARK,ROBB,2,1
RICKARD_KARSTARK,THEON,2,1
ROBB,STANNIS,2,1
ROBB,VARYS,2,1
ROBERT,ROS,2,1
ROBERT,TOMMEN,2,1
RODRIK,TYWIN,2,1
SANSA,STANNIS,2,1
STANNIS,TOMARD,2,1
THEON,WILL,2,1
TYRION,TYSHA,2,1
TYRION,VARYS,2,1
CERSEI,TYRION,177,2
DAENERYS,JORAH,119,2
ARYA,JAQEN,113,2
DAVOS,STANNIS,111,2
JON,YGRITTE,110,2
ROBB,TALISA,108,2
ARYA,TYWIN,103,2
TYRION,VARYS,103,2
SHAE,TYRION,95,2
BRONN,TYRION,87,2
THEON,YARA,87,2
CATELYN,ROBB,82,2
DAENERYS,XARO,80,2
JOFFREY,TYRION,79,2
ARYA,GENDRY,78,2
CERSEI,SANSA,73,2
JON,QHORIN,71,2
SANSA,SHAE,60,2
BALON,THEON,59,2
DAENERYS,SPICE_KING,58,2
DAVOS,MATTHOS,57,2
MELISANDRE,STANNIS,57,2
BRAN,OSHA,56,2
JOFFREY,SANSA,56,2
BRIENNE,CATELYN,54,2
CERSEI,JOFFREY,50,2
BRIENNE,JAIME,49,2
PYCELLE,TYRION,49,2
DAGMER,THEON,48,2
HOUND,JOFFREY,48,2
MAESTER_LUWIN,THEON,48,2
BRAN,THEON,47,2
ALTON,JAIME,46,2
ARYA,HOT_PIE,43,2
DAVOS,MELISANDRE,40,2
HOUND,SANSA,40,2
RENLY,STANNIS,40,2
JANOS,TYRION,39,2
JON,SAM,39,2
LORAS,TYRION,38,2
JEOR,JON,37,2
LANCEL,TYRION,37,2
PODRICK,TYRION,37,2
OSHA,THEON,36,2
MARGAERY,RENLY,35,2
EDDISON_TOLLETT,SAM,34,2
GRENN,SAM,34,2
ROBB,ROOSE_BOLTON,34,2
LITTLEFINGER,TYRION,33,2
BRAN,RICKON,32,2
BRIENNE,RENLY,31,2
DAENERYS,KOVARRO,31,2
JAIME,ROBB,31,2
CATELYN,RENLY,30,2
BRAN,MAESTER_LUWIN,29,2
CRASTER,JEOR,29,2
HOUND,TYRION,29,2
BRAN,HODOR,28,2
GENDRY,HOT_PIE,28,2
LITTLEFINGER,MARGAERY,28,2
LITTLEFINGER,TYWIN,28,2
QHORIN,YGRITTE,28,2
CERSEI,LITTLEFINGER,27,2
DAVOS,SALLADHOR,27,2
EDDISON_TOLLETT,GRENN,27,2
CATELYN,JAIME,25,2
CERSEI,TOMMEN,25,2
SANSA,TYRION,25,2
CATELYN,LITTLEFINGER,24,2
CERSEI,LANCEL,24,2
GILLY,SAM,24,2
LORAS,RENLY,24,2
DAENERYS,PYATT_PREE,23,2
LORAS,MARGAERY,23,2
RODRIK,THEON,23,2
ALTON,ROBB,22,2
HODOR,OSHA,22,2
ROS,VARYS,22,2
BLACK_LORREN,THEON,21,2
CERSEI,SHAE,21,2
MATTHOS,STANNIS,21,2
ROBB,THEON,21,2
ARYA,YOREN,20,2
DAENERYS,DOREAH,20,2
LITTLEFINGER,RENLY,20,2
SPICE_KING,XARO,20,2
STANNIS,TYRION,20,2
BRAN,RODRIK,18,2
JORAH,QUAITHE,18,2
CAPTAINS_DAUGHTER,THEON,17,2
CATELYN,RICKARD_KARSTARK,17,2
CERSEI,PYCELLE,17,2
CRASTER,JON,17,2
DAISY,ROS,17,2
AMORY,ARYA,16,2
ARYA,RORGE,16,2
CRESSEN,DAVOS,16,2
HODOR,RICKON,16,2
LORD_OF_BONES,YGRITTE,16,2
BALON,YARA,15,2
CERSEI,TYWIN,15,2
DAENERYS,IRRI,15,2
JORAH,KOVARRO,15,2
LITTLEFINGER,LORAS,15,2
OSHA,RICKON,15,2
AMORY,TYWIN,14,2
MAESTER_LUWIN,OSHA,14,2
MATTHOS,SALLADHOR,14,2
BRONN,HOUND,13,2
CATELYN,STANNIS,13,2
CERSEI,JAIME,13,2
DONTOS,JOFFREY,13,2
DOREAH,XARO,13,2
HAYLENE,TYRION,13,2
JEOR,QHORIN,13,2
JOFFREY,MERYN_TRANT,13,2
LITTLEFINGER,ROS,13,2
MERYN_TRANT,TYRION,13,2
MYRCELLA,TYRION,13,2
CERSEI,MYRCELLA,12,2
DAENERYS,RAKHARO,12,2
DAVOS,RENLY,12,2
JAIME,TYRION,12,2
JOFFREY,LANCEL,12,2
JOFFREY,ROBB,12,2
JON,LORD_OF_BONES,12,2
JORAH,XARO,12,2
MOUNTAIN,TYWIN,12,2
NED,ROBB,12,2
RICKARD_KARSTARK,ROBB,12,2
BRONN,VARYS,11,2
CATELYN,TALISA,11,2
CERSEI,JANOS,11,2
CERSEI,VARYS,11,2
SHAE,VARYS,11,2
TYRION,TYWIN,11,2
BRONN,HAYLENE,10,2
CRESSEN,MELISANDRE,10,2
DAENERYS,DROGO,10,2
GILLY,JON,10,2
HOT_PIE,LOMMY,10,2
JEOR,SAM,10,2
KOVARRO,XARO,10,2
MERYN_TRANT,SANSA,10,2
NED,TYRION,10,2
PODRICK,VARYS,10,2
QHORIN,LORD_OF_BONES,10,2
ALTON,CERSEI,9,2
BRONN,JOFFREY,9,2
CATELYN,LORAS,9,2
HODOR,MAESTER_LUWIN,9,2
HOUND,LANCEL,9,2
JAQEN,RORGE,9,2
JOFFREY,ROS,9,2
JOFFREY,STANNIS,9,2
JOFFREY,TYWIN,9,2
KEVAN,TYWIN,9,2
LITTLEFINGER,SANSA,9,2
LITTLEFINGER,VARYS,9,2
MANCE,QHORIN,9,2
PYATT_PREE,XARO,9,2
SANSA,TOMMEN,9,2
AMORY,YOREN,8,2
ARYA,BITER,8,2
ARYA,LITTLEFINGER,8,2
BALON,ROBB,8,2
BITER,RORGE,8,2
CATELYN,JACKS,8,2
CATELYN,NED,8,2
EDDISON_TOLLETT,JON,8,2
JAIME,TYWIN,8,2
JOFFREY,LORAS,8,2
JOFFREY,MYRCELLA,8,2
LITTLEFINGER,STANNIS,8,2
MANDON,TYRION,8,2
MELISANDRE,RENLY,8,2
PYCELLE,VARYS,8,2
REGINALD,TYWIN,8,2
RENLY,ROBB,8,2
ROBB,TYWIN,8,2
ARYA,CERSEI,7,2
ARYA,POLLIVER,7,2
ARYA,ROBB,7,2
BLACK_LORREN,DAGMER,7,2
BRAN,ROBB,7,2
BRIENNE,JACKS,7,2
BRIENNE,LORAS,7,2
DAISY,JOFFREY,7,2
DOREAH,JORAH,7,2
GENDRY,YOREN,7,2
JAIME,JOFFREY,7,2
JOFFREY,LITTLEFINGER,7,2
JOFFREY,VARYS,7,2
THEON,WINTERFELL_SHEPHERD,7,2
ARYA,LOMMY,6,2
ARYA,MOUNTAIN,6,2
ARYA,SANSA,6,2
BRAN,DAGMER,6,2
BRAN,FARLEN,6,2
BRONN,LANCEL,6,2
BRONN,PYCELLE,6,2
CATELYN,SANSA,6,2
CERSEI,HOUND,6,2
CERSEI,NED,6,2
CERSEI,ROBERT,6,2
CRASTER,GILLY,6,2
GENDRY,TICKLER,6,2
GRENN,JON,6,2
JOFFREY,TOMMEN,6,2
LOMMY,POLLIVER,6,2
MANCE,YGRITTE,6,2
MANDON,PODRICK,6,2
RICKON,THEON,6,2
ROBB,STANNIS,6,2
ROOSE_BOLTON,TALISA,6,2
ALTON,TORRHEN,5,2
ARYA,CATELYN,5,2
ARYA,JOFFREY,5,2
ARYA,TICKLER,5,2
BALON,NED,5,2
BITER,JAQEN,5,2
BRIENNE,MARGAERY,5,2
BRIENNE,ROBB,5,2
BRIENNE,STANNIS,5,2
BRONN,MERYN_TRANT,5,2
CATELYN,MARGAERY,5,2
CATELYN,TYRION,5,2
CERSEI,LORAS,5,2
CERSEI,STANNIS,5,2
CRASTER,SAM,5,2
CRESSEN,STANNIS,5,2
DAGMER,MAESTER_LUWIN,5,2
DROWNED_PRIEST,THEON,5,2
GERARD,RENLY,5,2
HODOR,THEON,5,2
HOUND,MERYN_TRANT,5,2
JAIME,NED,5,2
JOFFREY,PODRICK,5,2
JOFFREY,ROBERT,5,2
JON,MANCE,5,2
JORAH,PYATT_PREE,5,2
LORAS,STANNIS,5,2
MAESTER_LUWIN,RODRIK,5,2
MYRCELLA,SANSA,5,2
MYRCELLA,TOMMEN,5,2
NED,THEON,5,2
PYCELLE,TIMETT,5,2
QHORIN,SAM,5,2
ROBB,RODRIK,5,2
ROBB,SANSA,5,2
ROBERT,STANNIS,5,2
TYWIN,VARYS,5,2
AERYS,JAIME,4,2
ALTON,RICKARD_KARSTARK,4,2
ARYA,NED,4,2
BARRA,MHAEGEN,4,2
BRONN,SANSA,4,2
BRONN,TIMETT,4,2
CATELYN,COLEN,4,2
CATELYN,ROOSE_BOLTON,4,2
CERSEI,PODRICK,4,2
CERSEI,ROBB,4,2
DAENERYS,QUAITHE,4,2
DAENERYS,RHAEGO,4,2
DAENERYS,SILK_KING,4,2
DAGMER,RICKON,4,2
DONTOS,MERYN_TRANT,4,2
DOREAH,IRRI,4,2
DOREAH,KOVARRO,4,2
EDDISON_TOLLETT,GILLY,4,2
GENDRY,JAQEN,4,2
GENDRY,LOMMY,4,2
GENDRY,TYWIN,4,2
HAYLENE,HOUND,4,2
HAYLENE,JOFFREY,4,2
HOUND,PODRICK,4,2
ILYN_PAYNE,SANSA,4,2
ILYN_PAYNE,SHAE,4,2
JAIME,RICKARD_KARSTARK,4,2
JAIME,STANNIS,4,2
JANOS,JOFFREY,4,2
JANOS,LITTLEFINGER,4,2
JANOS,MHAEGEN,4,2
JANOS,ROS,4,2
JOFFREY,MANDON,4,2
JOFFREY,MARGAERY,4,2
JON,NED,4,2
LANCEL,SANSA,4,2
LITTLEFINGER,PYCELLE,4,2
MAESTER_LUWIN,RICKON,4,2
MATTHOS,MELISANDRE,4,2
NED,ROBERT,4,2
NED,STANNIS,4,2
RICKARD_KARSTARK,TORRHEN,4,2
ROBB,YARA,4,2
STANNIS,VARYS,4,2
ALTON,TYRION,3,2
AMORY,JAQEN,3,2
AMORY,POLLIVER,3,2
ARYA,HOUND,3,2
ARYA,VISENYA,3,2
BLACK_LORREN,RODRIK,3,2
BRAN,JOFFREY,3,2
BRAN,WINTERFELL_SHEPHERD,3,2
BRONN,JANOS,3,2
BRONN,PODRICK,3,2
BRONN,TYWIN,3,2
CATELYN,JOFFREY,3,2
CERSEI,ILYN_PAYNE,3,2
CERSEI,MANDON,3,2
CERSEI,MERYN_TRANT,3,2
CRASTER,EDDISON_TOLLETT,3,2
DAENERYS,MALAKKO,3,2
DAGMER,OSHA,3,2
DAGMER,RODRIK,3,2
DROGO,RHAEGO,3,2
FARLEN,THEON,3,2
GENDRY,MOUNTAIN,3,2
GENDRY,RORGE,3,2
HOT_PIE,JAQEN,3,2
HOT_PIE,MOUNTAIN,3,2
HOUND,SHAE,3,2
IRRI,KOVARRO,3,2
IRRI,XARO,3,2
JAIME,MATTHOS,3,2
JAIME,ROBERT,3,2
JAIME,TORRHEN,3,2
JANOS,PODRICK,3,2
JANOS,VARYS,3,2
JAQEN,TYWIN,3,2
JOFFREY,NED,3,2
JOFFREY,PYCELLE,3,2
JOFFREY,TALISA,3,2
JON_ARRYN,NED,3,2
JORAH,SPICE_KING,3,2
KOVARRO,MALAKKO,3,2
KOVARRO,PYATT_PREE,3,2
LANCEL,STANNIS,3,2
LITTLEFINGER,ROBB,3,2
LITTLEFINGER,ROBIN,3,2
LORAS,PYCELLE,3,2
LORAS,TYWIN,3,2
MAESTER_LUWIN,PORTAN,3,2
MAESTER_LUWIN,WINTERFELL_SHEPHERD,3,2
MALAKKO,XARO,3,2
MANCE,LORD_OF_BONES,3,2
MOUNTAIN,POLLIVER,3,2
MYRCELLA,ROBIN,3,2
NED,VARYS,3,2
NED,YARA,3,2
PODRICK,PYCELLE,3,2
PODRICK,SHAE,3,2
PYATT_PREE,SPICE_KING,3,2
PYCELLE,ROBERT,3,2
PYCELLE,TYWIN,3,2
QUENT,ROBB,3,2
RENLY,ROBERT,3,2
ROBB,SEPTON,3,2
ROBERT,TYRION,3,2
ROBIN,TYRION,3,2
RORGE,YOREN,3,2
SANSA,TYWIN,3,2
SHAE,TOMMEN,3,2
STANNIS,TYWIN,3,2
THEON,VARYS,3,2
TIMETT,TYRION,3,2
TOMMEN,TYRION,3,2
AEGON,ARYA,2,2
AERYS,PYCELLE,2,2
AERYS,ROBERT,2,2
AERYS,TYWIN,2,2
ALTON,TALISA,2,2
AMORY,HOT_PIE,2,2
ARYA,KEVAN,2,2
ARYA,REGINALD,2,2
ARYA,RHAENYS,2,2
ARYA,SYRIO_FOREL,2,2
ARYA,TYRION,2,2
BALON,CATELYN,2,2
BARRA,JANOS,2,2
BENJEN,CRASTER,2,2
BILLY,RICKON,2,2
BITER,YOREN,2,2
BLACK_LORREN,MAESTER_LUWIN,2,2
BLACK_LORREN,OSHA,2,2
BOROS,JOFFREY,2,2
BRAN,CATELYN,2,2
BRAN,SANSA,2,2
BRIENNE,COLEN,2,2
BRIENNE,DAVOS,2,2
BRIENNE,LITTLEFINGER,2,2
BRIENNE,MELISANDRE,2,2
BRIENNE,RICKARD_KARSTARK,2,2
BRONN,CERSEI,2,2
BRONN,SHAE,2,2
CATELYN,DAVOS,2,2
CATELYN,MELISANDRE,2,2
CATELYN,RICKON,2,2
CERSEI,DAVOS,2,2
CERSEI,HAYLENE,2,2
CERSEI,JOANNA,2,2
CERSEI,MATTHOS,2,2
CERSEI,SALLADHOR,2,2
COLEN,LORAS,2,2
COLEN,MARGAERY,2,2
COLEN,RENLY,2,2
CRASTER,MANCE,2,2
CRESSEN,MATTHOS,2,2
DAGMER,FARLEN,2,2
DAGMER,HODOR,2,2
DAGMER,YARA,2,2
DAVOS,FATHER_SEAWORTH,2,2
DAVOS,JOFFREY,2,2
DAVOS,LORAS,2,2
DAVOS,MARYA,2,2
DAVOS,ROBB,2,2
DAVOS,ROBERT,2,2
DONTOS,SANSA,2,2
EDDISON_TOLLETT,JEOR,2,2
FARLEN,RICKON,2,2
FREY_DAUGHTER,ROBB,2,2
GENDRY,NED,2,2
GILLY,GRENN,2,2
HARREN,TYWIN,2,2
HAYLENE,PODRICK,2,2
HIGH_SEPTON,MYRCELLA,2,2
HOT_PIE,POLLIVER,2,2
HOT_PIE,TICKLER,2,2
HOUND,NED,2,2
HOUND,STANNIS,2,2
HOUND,TOMMEN,2,2
ILYN_PAYNE,LANCEL,2,2
ILYN_PAYNE,TOMMEN,2,2
IRRI,JORAH,2,2
JACKS,JAIME,2,2
JAIME,JON,2,2
JAIME,LITTLEFINGER,2,2
JANOS,PYCELLE,2,2
JAQEN,YOREN,2,2
JEOR,TYRION,2,2
JOFFREY,MATTHOS,2,2
JOFFREY,RENLY,2,2
JOFFREY,SHAE,2,2
JON_ARRYN,PYCELLE,2,2
JON_ARRYN,ROBERT,2,2
JORAH,MALAKKO,2,2
KEVAN,STANNIS,2,2
KOVARRO,SPICE_KING,2,2
LANCEL,SHAE,2,2
LANCEL,TOMMEN,2,2
LITTLEFINGER,MYRCELLA,2,2
LORAS,MELISANDRE,2,2
LORAS,ROBB,2,2
LORAS,TOMMEN,2,2
LYSA,TYRION,2,2
MARGAERY,STANNIS,2,2
MARGAERY,TYWIN,2,2
MATTHOS,ROBERT,2,2
MELESSA,SAM,2,2
MERYN_TRANT,TOMMEN,2,2
MHAEGEN,ROS,2,2
MYRCELLA,ROBERT,2,2
MYRCELLA,TRYSTANE,2,2
NED,RODRIK,2,2
NED,SANSA,2,2
NED,TYWIN,2,2
OSHA,ROBB,2,2
POLLIVER,TYWIN,2,2
PROTESTER,TYRION,2,2
QUAITHE,XARO,2,2
RAMSAY,ROOSE_BOLTON,2,2
RANDYLL,SAM,2,2
RENNICK,ROBB,2,2
RHAENYS,VISENYA,2,2
RICKARD_KARSTARK,ROOSE_BOLTON,2,2
RICKARD_KARSTARK,TALISA,2,2
RICKON,RODRIK,2,2
ROBERT,THEON,2,2
ROBERT,TOMMEN,2,2
SEPTON,TALISA,2,2
SHAE,TYWIN,2,2
SILK_KING,SPICE_KING,2,2
TALISA,TORRHEN,2,2
THEON,TORRHEN,2,2
THEON,TYRION,2,2
TRYSTANE,TYRION,2,2
JON,YGRITTE,159,3
BRIENNE,JAIME,127,3
TYRION,TYWIN,115,3
RAMSAY,THEON,114,3
CERSEI,TYRION,95,3
GILLY,SAM,95,3
ROBB,TALISA,89,3
SANSA,TYRION,85,3
ARYA,HOUND,79,3
DAVOS,STANNIS,77,3
SHAE,TYRION,75,3
BRONN,TYRION,71,3
DAENERYS,JORAH,69,3
BRAN,OSHA,68,3
DAENERYS,MISSANDEI,67,3
BRAN,JOJEN,65,3
JOFFREY,MARGAERY,64,3
ARYA,THOROS,63,3
MARGAERY,SANSA,63,3
JAIME,LOCKE,59,3
BARRISTAN,JORAH,57,3
CERSEI,TYWIN,57,3
CERSEI,JOFFREY,54,3
CATELYN,ROBB,52,3
KRAZNYS_MO_NAKLOZ,MISSANDEI,52,3
JAIME,QYBURN,51,3
DAVOS,GENDRY,50,3
JOFFREY,TYWIN,49,3
MELISANDRE,STANNIS,49,3
EDMURE,ROBB,46,3
GENDRY,MELISANDRE,46,3
ARYA,GENDRY,45,3
SANSA,SHAE,45,3
BRAN,HODOR,39,3
DAVOS,SHIREEN,38,3
OLENNA,VARYS,38,3
RICKARD_KARSTARK,ROBB,38,3
BARRISTAN,DAENERYS,37,3
JON,ORELL,37,3
DAARIO,DAENERYS,36,3
JON,MANCE,36,3
LITTLEFINGER,SANSA,36,3
PODRICK,TYRION,36,3
OLENNA,TYWIN,35,3
JON,TORMUND,34,3
MEERA,OSHA,34,3
ARYA,BERIC,33,3
CATELYN,TALISA,33,3
CERSEI,MARGAERY,33,3
DAVOS,MELISANDRE,33,3
ORELL,YGRITTE,32,3
LORAS,SANSA,31,3
OLENNA,TYRION,31,3
OLENNA,SANSA,30,3
ORELL,TORMUND,30,3
BRAN,MEERA,29,3
JAIME,ROOSE_BOLTON,29,3
TORMUND,YGRITTE,29,3
BERIC,THOROS,28,3
DAVOS,SALLADHOR,28,3
JOJEN,OSHA,28,3
LITTLEFINGER,TYRION,28,3
ROBB,WALDER,28,3
BRYNDEN,CATELYN,27,3
JOFFREY,TYRION,27,3
ANGUY,ARYA,26,3
BRAN,RICKON,26,3
BERIC,HOUND,25,3
ROS,VARYS,25,3
CERSEI,OLENNA,24,3
JOJEN,MEERA,24,3
TYRION,VARYS,24,3
DAENERYS,KRAZNYS_MO_NAKLOZ,23,3
HODOR,JOJEN,23,3
ROOSE_BOLTON,WALDER,23,3
JOFFREY,SANSA,22,3
MYRANDA,VIOLET,22,3
SHAE,VARYS,22,3
LORAS,MARGAERY,21,3
MARGAERY,OLENNA,21,3
SELYSE,STANNIS,21,3
ANGUY,HOUND,20,3
ANGUY,THOROS,20,3
BRONN,PODRICK,20,3
GENDRY,THOROS,20,3
CATELYN,WALDER,19,3
DAENERYS,RADZAI_MO_ERAZ,19,3
JEOR,RAST,19,3
THEON,TORTURER,19,3
BRYNDEN,EDMURE,18,3
BRAN,SAM,17,3
BRYNDEN,ROBB,17,3
CRASTER,JEOR,17,3
DAARIO,JORAH,17,3
DAARIO,MERO,17,3
GRENN,RAST,17,3
HOUND,THOROS,17,3
ROBB,ROOSE_BOLTON,17,3
CERSEI,LITTLEFINGER,16,3
DAENERYS,MERO,16,3
LITTLEFINGER,VARYS,16,3
OSHA,RICKON,16,3
SHIREEN,STANNIS,16,3
ARYA,HOT_PIE,15,3
BRIENNE,LOCKE,15,3
CATELYN,EDMURE,15,3
CERSEI,LORAS,15,3
BRAN,CATELYN,14,3
HODOR,MEERA,14,3
HODOR,OSHA,14,3
JAIME,STEELSHANKS_WALTON,14,3
MANCE,TORMUND,14,3
MELISANDRE,THOROS,14,3
CATELYN,ROOSE_BOLTON,13,3
CRASTER,KARL_TANNER,13,3
JORAH,MISSANDEI,13,3
MEERA,RICKON,13,3
MERO,PRENDAHL,13,3
RAST,SAM,13,3
BALON,THEON,12,3
DAENERYS,GREY_WORM,12,3
EDDISON_TOLLETT,GRENN,12,3
EDMURE,ROSLIN,12,3
GREY_WORM,JORAH,12,3
JOJEN,SAM,12,3
MARTYN,TALISA,12,3
MYRANDA,THEON,12,3
ROS,SHAE,12,3
THEON,VIOLET,12,3
ANGUY,BERIC,11,3
ANGUY,GENDRY,11,3
BALON,YARA,11,3
EDDISON_TOLLETT,RAST,11,3
JAIME,TYWIN,11,3
LORAS,OLYVAR,11,3
SANSA,TYWIN,11,3
CERSEI,JAIME,10,3
CERSEI,MERYN_TRANT,10,3
EDMURE,WALDER,10,3
GILLY,MAESTER_AEMON,10,3
JEOR,SAM,10,3
LOCKE,ROOSE_BOLTON,10,3
LORAS,OLENNA,10,3
LORAS,TYRION,10,3
MAESTER_AEMON,SAM,10,3
MANCE,ORELL,10,3
MANCE,YGRITTE,10,3
MERYN_TRANT,TYRION,10,3
TALISA,WALDER,10,3
TYWIN,VARYS,10,3
BRIENNE,ROOSE_BOLTON,9,3
GENDRY,HOT_PIE,9,3
GENDRY,STANNIS,9,3
GRENN,SAM,9,3
HODOR,RICKON,9,3
JOJEN,RICKON,9,3
LITTLE_SAM,GILLY,9,3
LITTLE_SAM,SAM,9,3
LORAS,TYWIN,9,3
PYCELLE,TYRION,9,3
ROBB,TYWIN,9,3
ROOSE_BOLTON,TYWIN,9,3
BLACK_WALDER,ROBB,8,3
BRAN,JON,8,3
BRONN,MERYN_TRANT,8,3
BRYNDEN,ROOSE_BOLTON,8,3
BRYNDEN,TALISA,8,3
CATELYN,JAIME,8,3
CRASTER,RAST,8,3
DAENERYS,PRENDAHL,8,3
EDDISON_TOLLETT,SAM,8,3
EDMURE,TALISA,8,3
FARMER,JON,8,3
GILLY,MEERA,8,3
HODOR,SAM,8,3
JEOR,KARL_TANNER,8,3
JOFFREY,LORAS,8,3
JOFFREY,OLENNA,8,3
JON,SAM,8,3
MEERA,SAM,8,3
MERYN_TRANT,TARYN_MANT,8,3
ROSLIN,WALDER,8,3
BARRISTAN,MISSANDEI,7,3
BERIC,GENDRY,7,3
CATELYN,HOSTER,7,3
CERSEI,PYCELLE,7,3
CERSEI,SANSA,7,3
DAARIO,MISSANDEI,7,3
DAARIO,PRENDAHL,7,3
EDMURE,LOTHAR,7,3
FARMER,TORMUND,7,3
GRENN,JEOR,7,3
PYCELLE,TYWIN,7,3
ROOSE_BOLTON,TALISA,7,3
SANSA,VARYS,7,3
THEON,YARA,7,3
BARRISTAN,DAARIO,6,3
BERIC,MELISANDRE,6,3
BRIENNE,CATELYN,6,3
BRYNDEN,WALDER,6,3
CATELYN,JOYEUSE,6,3
DAARIO,GREY_WORM,6,3
EDDISON_TOLLETT,JEOR,6,3
FARMER,YGRITTE,6,3
HOT_PIE,THOROS,6,3
JAIME,RENLY,6,3
JORAH,MERO,6,3
MACE,OLENNA,6,3
MERO,MISSANDEI,6,3
NED,SANSA,6,3
ROBB,ROSLIN,6,3
ROBB,THEON,6,3
ARYA,MELISANDRE,5,3
BARRISTAN,GREY_WORM,5,3
BARRISTAN,ROBERT,5,3
BLACK_WALDER,EDMURE,5,3
BLACK_WALDER,LOTHAR,5,3
BRAN,NED,5,3
BRYNDEN,RICKARD_KARSTARK,5,3
CATELYN,RICKARD_KARSTARK,5,3
CERSEI,VARYS,5,3
CRASTER,SAM,5,3
GENDRY,HOUND,5,3
HOSTER,ROBB,5,3
JOFFREY,NED,5,3
JOFFREY,PYCELLE,5,3
JOJEN,JON,5,3
JON,PYP,5,3
JORAH,KRAZNYS_MO_NAKLOZ,5,3
JORAH,ROBERT,5,3
MARGAERY,TYRION,5,3
MARTYN,WILLEM_LANNISTER,5,3
PYP,SAM,5,3
RAMSAY,ROOSE_BOLTON,5,3
RANDYLL,SAM,5,3
ROBB,SANSA,5,3
ARYA,CERSEI,4,3
ARYA,JOFFREY,4,3
BALON,RAMSAY,4,3
BRAN,ORELL,4,3
BRAN,ROBB,4,3
BRONN,JOFFREY,4,3
CATELYN,ROSLIN,4,3
CERSEI,TARYN_MANT,4,3
EDMURE,FREY_SEPTON,4,3
EDMURE,RICKARD_KARSTARK,4,3
FARMER,ORELL,4,3
GILLY,JOJEN,4,3
GREIZHEN,MISSANDEI,4,3
JAIME,TYRION,4,3
JOFFREY,MERYN_TRANT,4,3
JOFFREY,VARYS,4,3
JOYEUSE,ROBB,4,3
JOYEUSE,TALISA,4,3
JOYEUSE,WALDER,4,3
LITTLEFINGER,PYCELLE,4,3
LITTLEFINGER,TYWIN,4,3
LOCKE,TYWIN,4,3
LORD_OF_BONES,MANCE,4,3
LORD_OF_BONES,TORMUND,4,3
LORD_OF_BONES,YGRITTE,4,3
LOTHAR,WALDER,4,3
MAREI,TYRION,4,3
MARGAERY,RENLY,4,3
MARGAERY,TYWIN,4,3
MELISANDRE,ROBERT,4,3
PYCELLE,VARYS,4,3
QYBURN,ROOSE_BOLTON,4,3
QYBURN,TALISA,4,3
RAMSAY,YARA,4,3
RICKARD_KARSTARK,ROOSE_BOLTON,4,3
ROBERT,STANNIS,4,3
ROSLIN,TALISA,4,3
SORCERER,VARYS,4,3
TARYN_MANT,TYRION,4,3
AERYS,BARRISTAN,3,3
AERYS,ROBERT,3,3
ANGUY,MELISANDRE,3,3
BERIC,MOUNTAIN,3,3
BERIC,NED,3,3
BLACK_WALDER,BRYNDEN,3,3
BLACK_WALDER,CATELYN,3,3
BRAN,GILLY,3,3
BRANDON_STARK,CATELYN,3,3
BRANDON_STARK,JOJEN,3,3
BRIENNE,SELWYN,3,3
BRONN,CERSEI,3,3
BRONN,SANSA,3,3
BRYNDEN,LOTHAR,3,3
CATELYN,TYRION,3,3
CRASTER,GRENN,3,3
DAENERYS,GREIZHEN,3,3
EDMURE,ROOSE_BOLTON,3,3
FARMER,JOJEN,3,3
GENDRY,ROBERT,3,3
GILLY,HODOR,3,3
GILLY,RANDYLL,3,3
HIGH_SEPTON,JOFFREY,3,3
HIGH_SEPTON,MARGAERY,3,3
HODOR,ORELL,3,3
HOSTER,WALDER,3,3
HOUND,JOFFREY,3,3
JAIME,ROBB,3,3
JAIME,SELWYN,3,3
JOANNA,TYWIN,3,3
JOFFREY,RENLY,3,3
JOFFREY,ROBB,3,3
JOFFREY,SHAE,3,3
JOJEN,NED,3,3
JOJEN,ORELL,3,3
JON,LORD_OF_BONES,3,3
JON,NED,3,3
JON,OSHA,3,3
LITTLEFINGER,OLYVAR,3,3
LITTLEFINGER,ROS,3,3
LITTLEFINGER,SHAE,3,3
LORAS,MACE,3,3
LOTHAR,ROBB,3,3
MACE,MARGAERY,3,3
MEERA,ORELL,3,3
MERRY,WALDER,3,3
MERYN_TRANT,PODRICK,3,3
MISSANDEI,PRENDAHL,3,3
MISSANDEI,RADZAI_MO_ERAZ,3,3
MOUNTAIN,ROBB,3,3
NED,ROBB,3,3
NED,ROBERT,3,3
NED,VARYS,3,3
OLENNA,PODRICK,3,3
OLENNA,ROBERT,3,3
ORELL,OSHA,3,3
ORELL,RICKON,3,3
PODRICK,SHAE,3,3
QYBURN,ROBB,3,3
RAMSAY,ROBB,3,3
RENLY,STANNIS,3,3
RICKARD_KARSTARK,TALISA,3,3
RICKARD_KARSTARK,WILLEM_LANNISTER,3,3
ROBB,STANNIS,3,3
ROBB,TYRION,3,3
ROBERT,THOROS,3,3
ROOSE_BOLTON,STEELSHANKS_WALTON,3,3
ROOSE_BOLTON,THEON,3,3
ROS,TYRION,3,3
SORCERER,TYRION,3,3
STANNIS,TYWIN,3,3
AEGON,DAVOS,2,3
AEGON,SHIREEN,2,3
AERYS,JAIME,2,3
AERYS,JOFFREY,2,3
AERYS,NED,2,3
ANGUY,HOT_PIE,2,3
ARYA,CATELYN,2,3
ARYA,ILYN_PAYNE,2,3
ARYA,MERYN_TRANT,2,3
ARYA,MYCAH,2,3
ARYA,ROBB,2,3
ARYA,ROOSE_BOLTON,2,3
ARYA,SANSA,2,3
BALERION,DAVOS,2,3
BALON,ROBB,2,3
BALON,ROOSE_BOLTON,2,3
BARRISTAN,KRAZNYS_MO_NAKLOZ,2,3
BARRISTAN,RADZAI_MO_ERAZ,2,3
BERT,SHIREEN,2,3
BLACK_WALDER,JOYEUSE,2,3
BOROS,MERYN_TRANT,2,3
BRAN,FARMER,2,3
BRAN,MAESTER_LUWIN,2,3
BRAN,THEON,2,3
BRAN,TORMUND,2,3
BRAN,YGRITTE,2,3
BRONN,HIGH_SEPTON,2,3
BRONN,LORAS,2,3
BRONN,MARGAERY,2,3
BRONN,OLENNA,2,3
BRONN,PYCELLE,2,3
BRONN,SHAE,2,3
BRONN,TARYN_MANT,2,3
BRONN,TYWIN,2,3
BRYNDEN,HOSTER,2,3
BRYNDEN,ROSLIN,2,3
CATELYN,HOUND,2,3
CATELYN,JON,2,3
CATELYN,LOTHAR,2,3
CATELYN,RICKON,2,3
CATELYN,TYWIN,2,3
CERSEI,HIGH_SEPTON,2,3
CERSEI,HOUND,2,3
CERSEI,ILYN_PAYNE,2,3
CERSEI,PODRICK,2,3
CERSEI,STANNIS,2,3
CRASTER,EDDISON_TOLLETT,2,3
CRASTER,JON,2,3
DAENERYS,DROGO,2,3
DAENERYS,ROBERT,2,3
DAREON,HOBB,2,3
DAREON,SAM,2,3
DAVOS,MATTHOS,2,3
DAVOS,ROBB,2,3
DAVOS,RYLENE,2,3
DESMOND,ELDRICK,2,3
DESMOND,SANSA,2,3
DESMOND,TYRION,2,3
EDDISON_TOLLETT,KARL_TANNER,2,3
EDMURE,HOUND,2,3
EDMURE,JOYEUSE,2,3
EDMURE,MOUNTAIN,2,3
EDMURE,TYWIN,2,3
FARMER,HODOR,2,3
FARMER,MEERA,2,3
FARMER,OSHA,2,3
FARMER,RICKON,2,3
FREY_SEPTON,ROSLIN,2,3
FREY_SEPTON,WALDER,2,3
GENDRY,TYWIN,2,3
GILLY,RAST,2,3
GREIZHEN,JORAH,2,3
GREIZHEN,KRAZNYS_MO_NAKLOZ,2,3
GRENN,KARL_TANNER,2,3
GREY_WORM,MERO,2,3
GREY_WORM,MISSANDEI,2,3
HIGH_SEPTON,LORAS,2,3
HIGH_SEPTON,OLENNA,2,3
HIGH_SEPTON,PYCELLE,2,3
HIGH_SEPTON,SANSA,2,3
HIGH_SEPTON,TYRION,2,3
HIGH_SEPTON,TYWIN,2,3
HODOR,JON,2,3
HODOR,TORMUND,2,3
HODOR,YGRITTE,2,3
HOUND,ILYN_PAYNE,2,3
HOUND,MERYN_TRANT,2,3
HOUND,NED,2,3
HOUND,ROBB,2,3
HOUND,ROOSE_BOLTON,2,3
ILYN_PAYNE,JOFFREY,2,3
ILYN_PAYNE,MERYN_TRANT,2,3
ILYN_PAYNE,NED,2,3
JAIME,LORAS,2,3
JAIME,NED,2,3
JAIME,PYCELLE,2,3
JAIME,STANNIS,2,3
JEOR,JON,2,3
JOFFREY,STANNIS,2,3
JOJEN,TORMUND,2,3
JOJEN,YGRITTE,2,3
JON,MEERA,2,3
JON,QHORIN_HALFHAND,2,3
JON,RICKON,2,3
JORAH,PRENDAHL,2,3
JOYEUSE,ROSLIN,2,3
KARL_TANNER,RAST,2,3
KARL_TANNER,SAM,2,3
LITTLEFINGER,PODRICK,2,3
LOCKE,QYBURN,2,3
LOCKE,STEELSHANKS_WALTON,2,3
LORAS,PYCELLE,2,3
LORAS,RENLY,2,3
LORAS,SHAE,2,3
LOTHAR,ROSLIN,2,3
LOTHAR,TALISA,2,3
LYSA,TYWIN,2,3
LYSA,VARYS,2,3
MARGAERY,PYCELLE,2,3
MARTYN,ROBB,2,3
MEERA,TORMUND,2,3
MEERA,YGRITTE,2,3
MELISANDRE,SELYSE,2,3
MOUNTAIN,THOROS,2,3
MOUNTAIN,TYWIN,2,3
MYRANDA,RAMSAY,2,3
NED,RICKARD_KARSTARK,2,3
NED,THOROS,2,3
NED,TYRION,2,3
OLENNA,PYCELLE,2,3
OLENNA,RENLY,2,3
OSHA,TORMUND,2,3
OSHA,YGRITTE,2,3
PODRICK,SANSA,2,3
PYCELLE,SANSA,2,3
QHORIN_HALFHAND,YGRITTE,2,3
QYBURN,SELWYN,2,3
QYBURN,TYWIN,2,3
RAMSAY,VIOLET,2,3
RENLY,ROBERT,2,3
RENLY,SANSA,2,3
RENLY,TYWIN,2,3
RICKARD_KARSTARK,ROSLIN,2,3
RICKARD_KARSTARK,THEON,2,3
RICKARD_KARSTARK,WALDER,2,3
RICKON,ROBB,2,3
RICKON,THEON,2,3
RICKON,TORMUND,2,3
RICKON,YGRITTE,2,3
ROBB,VARYS,2,3
ROBERT,TYWIN,2,3
RYLENE,STANNIS,2,3
SALLADHOR,STANNIS,2,3
SELYSE,SHIREEN,2,3
SHAE,TYWIN,2,3
STEELSHANKS_WALTON,TYWIN,2,3
TYRION,WALDER,2,3
TYWIN,WALDER,2,3
ARYA,HOUND,162,4
JAIME,TYRION,147,4
CERSEI,JAIME,131,4
DAENERYS,JORAH,106,4
CERSEI,TYWIN,104,4
LITTLEFINGER,SANSA,96,4
TYRION,TYWIN,94,4
JON,SAM,89,4
LYSA,SANSA,88,4
BRONN,TYRION,86,4
JAIME,TYWIN,83,4
PODRICK,TYRION,80,4
GILLY,SAM,79,4
OBERYN,TYWIN,79,4
BRIENNE,PODRICK,78,4
OBERYN,TYRION,78,4
SHAE,TYRION,78,4
ALLISER_THORNE,JON,68,4
JOFFREY,TYRION,64,4
DAENERYS,MISSANDEI,63,4
RAMSAY,THEON,63,4
CERSEI,OBERYN,57,4
LITTLEFINGER,LYSA,55,4
DAARIO,DAENERYS,54,4
GRENN,JON,52,4
DAVOS,STANNIS,51,4
GREY_WORM,MISSANDEI,50,4
JON,MANCE,50,4
ELLARIA,OBERYN,48,4
BRAN,MEERA,47,4
MARGAERY,OLENNA,46,4
SANSA,TYRION,46,4
ROBIN,SANSA,45,4
BRAN,HODOR,44,4
JOJEN,MEERA,44,4
CERSEI,JOFFREY,43,4
CERSEI,TYRION,43,4
TOMMEN,TYWIN,43,4
BRAN,JOJEN,42,4
EDDISON_TOLLETT,JON,41,4
BRIENNE,JAIME,40,4
JANOS,JON,39,4
RAMSAY,ROOSE_BOLTON,39,4
CERSEI,MARGAERY,38,4
ARYA,BRIENNE,36,4
JOFFREY,MARGAERY,36,4
MELISANDRE,SELYSE,36,4
JON,TORMUND,35,4
BARRISTAN,JORAH,34,4
OBERYN,VARYS,34,4
PYP,SAM,34,4
BARRISTAN,DAENERYS,32,4
STYR,YGRITTE,32,4
EDDISON_TOLLETT,GRENN,31,4
JAIME,JOFFREY,31,4
DONTOS,SANSA,30,4
JOFFREY,TYWIN,30,4
LITTLEFINGER,YOHN_ROYCE,30,4
BRONN,JAIME,29,4
HOUND,POLLIVER,29,4
MARGAERY,TOMMEN,29,4
TORMUND,YGRITTE,29,4
CERSEI,PYCELLE,28,4
DAVOS,SHIREEN,27,4
TYRION,VARYS,27,4
ALLISER_THORNE,JANOS,26,4
DAENERYS,GREY_WORM,26,4
MAESTER_AEMON,SAM,26,4
CERSEI,TOMMEN,25,4
JOFFREY,SANSA,25,4
DAENERYS,HIZDAHR,24,4
GILLY,MOLES_TOWN_WHORE,24,4
MELISANDRE,SHIREEN,24,4
BRIENNE,HOT_PIE,23,4
BRIENNE,HOUND,22,4
ANYA_WAYNWOOD,LITTLEFINGER,21,4
HODOR,JOJEN,21,4
JON,LOCKE,21,4
LITTLEFINGER,ROBIN,21,4
MACE,TYWIN,21,4
OBERYN,OLYVAR,21,4
SELYSE,STANNIS,21,4
FARMER_HAMLET,HOUND,20,4
GILLY,LITTLE_SAM,20,4
HODOR,MEERA,20,4
STYR,TORMUND,20,4
THEON,YARA,20,4
ARYA,POLLIVER,19,4
CERSEI,QYBURN,18,4
DAVOS,TYCHO,18,4
ELLARIA,OLYVAR,18,4
MORGAN,OBERYN,18,4
MOUNTAIN,OBERYN,18,4
RALF,THEON,18,4
SHAE,TYWIN,18,4
TYWIN,VARYS,18,4
ARYA,TERNESIO_TERYS,17,4
JON,YGRITTE,17,4
KARL_TANNER,MEERA,17,4
LITTLE_SAM,SAM,17,4
LYSA,ROBIN,17,4
MYRANDA,RAMSAY,17,4
SANSA,SHAE,17,4
STANNIS,TYCHO,17,4
CERSEI,VARYS,16,4
GRENN,SAM,16,4
PYCELLE,TYWIN,16,4
DAENERYS,FENNESZ,15,4
RAMSAY,TANSY,15,4
SANSA,YOHN_ROYCE,15,4
BRAN,JON,14,4
BRIENNE,CERSEI,14,4
DAARIO,GREY_WORM,14,4
DAVOS,SALLADHOR,14,4
ELIA,OBERYN,14,4
GRENN,LOCKE,14,4
JAIME,LORAS,14,4
JOJEN,KARL_TANNER,14,4
JON,OLLY,14,4
MACE,OBERYN,14,4
MACE,TYRION,14,4
OLENNA,TYWIN,14,4
ROOSE_BOLTON,THEON,14,4
ALLISER_THORNE,GRENN,13,4
ARYA,FARMER_HAMLET,13,4
BARRISTAN,MISSANDEI,13,4
BRAN,LOCKE,13,4
CERSEI,MACE,13,4
CERSEI,MOUNTAIN,13,4
GRENN,JANOS,13,4
JAIME,PODRICK,13,4
JAIME,TOMMEN,13,4
JOFFREY,TOMMEN,13,4
KARL_TANNER,RAST,13,4
BRIENNE,MARGAERY,12,4
DYING_MAN,HOUND,12,4
JAIME,OBERYN,12,4
JON,STANNIS,12,4
MANCE,STANNIS,12,4
PYCELLE,QYBURN,12,4
TOMMEN,TYRION,12,4
ALLISER_THORNE,MAESTER_AEMON,11,4
ANYA_WAYNWOOD,SANSA,11,4
BARRISTAN,GREY_WORM,11,4
CATELYN,LYSA,11,4
DONTOS,LITTLEFINGER,11,4
ELLARIA,TYRION,11,4
FARMER_HAMLET,SALLY,11,4
JAIME,MARGAERY,11,4
JON,KARL_TANNER,11,4
JORAH,MISSANDEI,11,4
ANYA_WAYNWOOD,YOHN_ROYCE,10,4
ARYA,DYING_MAN,10,4
DAARIO,JORAH,10,4
KARL_TANNER,SISSY,10,4
MORGAN,MORGANS_FRIEND,10,4
OLLY,STYR,10,4
ALLISER_THORNE,SAM,9,4
BRAN,THREE_EYED_RAVEN,9,4
BRONN,PODRICK,9,4
CERSEI,SANSA,9,4
CRASTER,JON,9,4
DAARIO,MISSANDEI,9,4
ELLARIA,MAREI,9,4
ELLARIA,TYWIN,9,4
GREY_WORM,JORAH,9,4
JAIME,SANSA,9,4
JANOS,SAM,9,4
JOFFREY,MACE,9,4
JOFFREY,OLENNA,9,4
JON,MAESTER_AEMON,9,4
ALLISER_THORNE,PYP,8,4
BALON_DWARF,ROBB_DWARF,8,4
BRONN,OBERYN,8,4
DONNEL_HILL,GRENN,8,4
EDDISON_TOLLETT,JANOS,8,4
EDDISON_TOLLETT,SAM,8,4
ELLARIA,MORGAN,8,4
JAIME,MACE,8,4
JOFFREY,OBERYN,8,4
JON,MORAG,8,4
LORAS,MARGAERY,8,4
MACE,VARYS,8,4
MARGAERY,TYRION,8,4
MORGANS_FRIEND,OBERYN,8,4
PYCELLE,VARYS,8,4
SANSA,TYWIN,8,4
ALLISER_THORNE,LOCKE,7,4
BARRISTAN,DAARIO,7,4
BOLTON_GUARD,YARA,7,4
BRAN,KARL_TANNER,7,4
BRAN,LEAF,7,4
CERSEI,ELLARIA,7,4
CERSEI,LORAS,7,4
CERSEI,SHAE,7,4
CRASTER,EDDISON_TOLLETT,7,4
DAENERYS,MEEREEN_CHAMPION,7,4
DAVOS,JON,7,4
DONGO_THE_GIANT,MAG_THE_MIGHTY,7,4
DORNISH_LORD,TYRION,7,4
EDDISON_TOLLETT,PYP,7,4
ENDREW,JAIME,7,4
GILLY,PYP,7,4
GRENN,MAG_THE_MIGHTY,7,4
GUYMON,OLLY,7,4
HIZDAHR,HIZDAHRS_FATHER,7,4
HODOR,LOCKE,7,4
JOFFREY,LITTLEFINGER,7,4
JOFFREY,SHAE,7,4
JON,PYP,7,4
JON,SISSY,7,4
LORAS,TOMMEN,7,4
MACE,MARGAERY,7,4
MACE,TOMMEN,7,4
MAREI,OBERYN,7,4
MELISANDRE,STANNIS,7,4
MOLES_TOWN_MADAM,SAM,7,4
NED,SANSA,7,4
OBERYN,PYCELLE,7,4
OBERYN,SHAE,7,4
OLLY,SAM,7,4
OLLY,YGRITTE,7,4
RAMSAY,YARA,7,4
RENLY_DWARF,STANNIS_DWARF,7,4
SHIREEN,STANNIS,7,4
ALLISER_THORNE,OTHELL_YARWYCK,6,4
ARYA,SALLY,6,4
BALON,THEON,6,4
BRIENNE,CATELYN,6,4
BRIENNE,JOFFREY,6,4
BRIENNE,SANSA,6,4
CATELYN,SANSA,6,4
CERSEI,DONTOS,6,4
CERSEI,MYRCELLA,6,4
DAVOS,MANCE,6,4
DAVOS,SELYSE,6,4
DONTOS,JOFFREY,6,4
ELDER_MEEREEN_SLAVE,MOSSADOR,6,4
FIRST_MATE,YARA,6,4
GOATHERD,MISSANDEI,6,4
GRENN,OLLY,6,4
GRENN,PYP,6,4
HOUND,JOFFREY,6,4
HOUND,LYSA,6,4
HOUND,RORGE,6,4
HOUND,SALLY,6,4
JAIME,VARYS,6,4
JOFFREY_DWARF,ROBB_DWARF,6,4
JON,STYR,6,4
JON_ARRYN,LYSA,6,4
LORAS,TYWIN,6,4
MAREI,OLYVAR,6,4
MARGAERY,SANSA,6,4
MARGAERY,TYWIN,6,4
MEERA,THREE_EYED_RAVEN,6,4
MERYN_TRANT,TYRION,6,4
MORGAN,OLYVAR,6,4
MOUNTAIN,PYCELLE,6,4
MOUNTAIN,QYBURN,6,4
MOUNTAIN,TYWIN,6,4
MYRANDA,TANSY,6,4
OBERYN,TOMMEN,6,4
ORSON,TYRION,6,4
PYCELLE,TYRION,6,4
SAM,TORMUND,6,4
TANSY,THEON,6,4
ALLISER_THORNE,EDDISON_TOLLETT,5,4
ALLISER_THORNE,TORMUND,5,4
BRIENNE,OLENNA,5,4
BRIENNE,TYRION,5,4
CATELYN,LITTLEFINGER,5,4
CRASTER,KARL_TANNER,5,4
CRASTER,RAST,5,4
DAENERYS,GOATHERD,5,4
DAVOS,MELISANDRE,5,4
DONTOS,TYRION,5,4
EDDISON_TOLLETT,LOCKE,5,4
EDDISON_TOLLETT,MORAG,5,4
ENDREW,JOFFREY,5,4
FENNESZ,MASTER_MIGHDAL,5,4
FIRST_MATE,THEON,5,4
GRENN,MORAG,5,4
HIGH_SEPTON,JOFFREY,5,4
HIGH_SEPTON,TOMMEN,5,4
HIZDAHR,MANSERVANT,5,4
HOT_PIE,PODRICK,5,4
HOUND,PODRICK,5,4
JAIME,QYBURN,5,4
JAIME,SHAE,5,4
JANOS,OLLY,5,4
JOFFREY,PODRICK,5,4
JOFFREY,POLLIVER,5,4
JOFFREY,PYCELLE,5,4
JON,NED,5,4
LHARA,SALLADHOR,5,4
LUTHOR,OLENNA,5,4
LYSA,TYRION,5,4
MACE,PYCELLE,5,4
MACE,SANSA,5,4
MACE,SHAE,5,4
MARGAERY,OBERYN,5,4
MOUNTAIN,TYRION,5,4
OBERYN,PODRICK,5,4
OLENNA,TYRION,5,4
RAMSAY,WALDA,5,4
ROOSE_BOLTON,WALDA,5,4
SELYSE,SHIREEN,5,4
ADRACK_HUMBLE,THEON,4,4
AERYS,JAIME,4,4
AERYS,ROBERT,4,4
ARYA,RORGE,4,4
AXELL_FLORENT,MELISANDRE,4,4
AXELL_FLORENT,SELYSE,4,4
BALON_DWARF,JOFFREY_DWARF,4,4
BALON_DWARF,STANNIS_DWARF,4,4
BLACK_JACK,KEGS,4,4
BLACK_JACK,MULLY,4,4
BRAN,CRASTER,4,4
BRAN,RAST,4,4
BRONN,MORGAN,4,4
CATELYN,CERSEI,4,4
CATELYN,NED,4,4
CATELYN,ROBB,4,4
COOPER,GRENN,4,4
CRASTER,GRENN,4,4
CRASTER,LOCKE,4,4
CRASTER,MORAG,4,4
CRASTER,SISSY,4,4
CRASTERS_BABY,RAST,4,4
CRASTERS_BABY,SISSY,4,4
DAARIO,MEEREEN_CHAMPION,4,4
DAENERYS,HIZDAHRS_FATHER,4,4
EDDISON_TOLLETT,SISSY,4,4
ELDER_MEEREEN_SLAVE,GREY_WORM,4,4
ELDER_MEEREEN_SLAVE,MEEREEN_SLAVE,4,4
ELIA,MOUNTAIN,4,4
ELIA,TYWIN,4,4
ELLARIA,JAIME,4,4
ELLARIA,MOUNTAIN,4,4
ELLARIA,PODRICK,4,4
GILLY,JANOS,4,4
GILLY,STYR,4,4
GILLY,YGRITTE,4,4
GRENN,SISSY,4,4
HIGH_SEPTON,JAIME,4,4
HIGH_SEPTON,MARGAERY,4,4
JANOS,MAESTER_AEMON,4,4
JOFFREY,JOFFREY_DWARF,4,4
JOFFREY,NED,4,4
JON,MAG_THE_MIGHTY,4,4
JON_ARRYN,LITTLEFINGER,4,4
KEGS,MULLY,4,4
LEAF,MEERA,4,4
LITTLE_SAM,MOLES_TOWN_WHORE,4,4
LITTLEFINGER,NED,4,4
LOCKE,RAMSAY,4,4
LORAS,OBERYN,4,4
LYSA,NED,4,4
LYSA,YOHN_ROYCE,4,4
MANCE,TORMUND,4,4
MERYN_TRANT,ROOSE_BOLTON,4,4
MERYN_TRANT,TYWIN,4,4
MORAG,SISSY,4,4
MORGAN,TYRION,4,4
MYRANDA,THEON,4,4
MYRANDA,YARA,4,4
OBERYN,SANSA,4,4
OLLY,OLLYS_MOTHER,4,4
PODRICK,SANSA,4,4
PYCELLE,TOMMEN,4,4
SAM,STYR,4,4
SAM,YGRITTE,4,4
SANSA,TOMMEN,4,4
STYR,THENN_WARG,4,4
AERYS,TYRION,3,4
ALLISER_THORNE,OLLY,3,4
ALLISER_THORNE,QHORIN,3,4
ANYA_WAYNWOOD,LYSA,3,4
ARYA,CATELYN,3,4
ARYA,HOT_PIE,3,4
ARYA,JOFFREY,3,4
ARYA,NED,3,4
ARYA,PODRICK,3,4
ARYA,SANSA,3,4
BAELOR,TYWIN,3,4
BALON_DWARF,RENLY_DWARF,3,4
BOLTON_GUARD,FIRST_MATE,3,4
BRAN,CRASTERS_BABY,3,4
BRAN,NED,3,4
BRAN,RAMSAY,3,4
BRIENNE,SELWYN,3,4
BRONN,ELLARIA,3,4
BRONN,LOLLYS,3,4
BRONN,MOUNTAIN,3,4
BRONN,SHAE,3,4
CATELYN,HOSTER,3,4
CATELYN,JAIME,3,4
CATELYN,TYRION,3,4
CERSEI,NED,3,4
CERSEI,OLENNA,3,4
CERSEI,PODRICK,3,4
CERSEI,ROBERT,3,4
COOPER,DONNEL_HILL,3,4
CRASTER,JOJEN,3,4
CRASTER,MEERA,3,4
CRASTER,SAM,3,4
CRASTERS_BABY,MEERA,3,4
DAENERYS,MANSERVANT,3,4
DONNEL_WAYNWOOD,HOUND,3,4
DORAN,TYRION,3,4
EDDISON_TOLLETT,OLLY,3,4
ELLARIA,JOFFREY,3,4
ELLARIA,LORAS,3,4
GILLY,TORMUND,3,4
GUYMON,OLLYS_MOTHER,3,4
HODOR,LEAF,3,4
HODOR,RAST,3,4
HOSTER,LYSA,3,4
HOUND,INNKEEPER,3,4
HOUND,SYRIO_FOREL,3,4
INNKEEPER,POLLIVER,3,4
JAIME,MERYN_TRANT,3,4
JAIME,OLENNA,3,4
JAIME,STANNIS,3,4
JOFFREY,LORAS,3,4
JOFFREY,MOUNTAIN,3,4
JOFFREY,RENLY,3,4
JOFFREY,ROBB_DWARF,3,4
JOFFREY,STANNIS,3,4
JOFFREY_DWARF,SANSA,3,4
JOFFREY_DWARF,STANNIS_DWARF,3,4
JOJEN,LEAF,3,4
JOJEN,THREE_EYED_RAVEN,3,4
JON,OTHELL_YARWYCK,3,4
LITTLEFINGER,TYRION,3,4
LORAS,TYRION,3,4
MACE,OLENNA,3,4
MAG_THE_MIGHTY,MANCE,3,4
MAG_THE_MIGHTY,SAM,3,4
MEEREEN_SLAVE,MOSSADOR,3,4
MOLES_TOWN_MADAM,MOLES_TOWN_WHORE,3,4
NED,TYRION,3,4
OLENNA,SANSA,3,4
OLENNA,TOMMEN,3,4
OLLY,PYP,3,4
OLLY,TORMUND,3,4
PODRICK,TYWIN,3,4
PODRICK,VARYS,3,4
PYCELLE,SANSA,3,4
PYP,TORMUND,3,4
ROBB,SANSA,3,4
ROBERT,TYWIN,3,4
STANNIS,TOMMEN,3,4
THENN_WARG,TORMUND,3,4
THENN_WARG,YGRITTE,3,4
VANCE_CORBRAY,YOHN_ROYCE,3,4
ADRACK_HUMBLE,RALF,2,4
AERYS,CERSEI,2,4
ALLISER_THORNE,CRASTER,2,4
ALLISER_THORNE,YGRITTE,2,4
ANYA_WAYNWOOD,ROBIN,2,4
ANYA_WAYNWOOD,VANCE_CORBRAY,2,4
ARYA,DONNEL_WAYNWOOD,2,4
ARYA,INNKEEPER,2,4
ARYA,INNKEEPERS_DAUGHTER,2,4
ARYA,JAIME,2,4
ARYA,JAQEN,2,4
ARYA,LOMMY,2,4
ARYA,LYSA,2,4
ARYA,MERYN_TRANT,2,4
ARYA,SYRIO_FOREL,2,4
ARYA,TOMMY,2,4
AXELL_FLORENT,DAVOS,2,4
AXELL_FLORENT,STANNIS,2,4
BAELOR,HIGH_SEPTON,2,4
BAELOR,JOFFREY,2,4
BAELOR,TYRION,2,4
BALON,ROOSE_BOLTON,2,4
BALON_DWARF,JOFFREY,2,4
BARRISTAN,CERSEI,2,4
BARRISTAN,GOATHERD,2,4
BARRISTAN,JOFFREY,2,4
BARRISTAN,VARYS,2,4
BITER,HOUND,2,4
BITER,RORGE,2,4
BOROS,JAIME,2,4
BRAN,RICKON,2,4
BRAN,SAM,2,4
BRIENNE,BRONN,2,4
BRIENNE,LORAS,2,4
BRIENNE,NED,2,4
BRONN,CERSEI,2,4
BRONN,FALYSE,2,4
BRONN,MORGANS_FRIEND,2,4
BRONN,TYWIN,2,4
BRONN,VARYS,2,4
CATELYN,JOFFREY,2,4
CATELYN,JON_ARRYN,2,4
CERSEI,ELIA,2,4
CERSEI,FOOL,2,4
CERSEI,JOANNA,2,4
CERSEI,JOFFREY_DWARF,2,4
CERSEI,MERYN_TRANT,2,4
CERSEI,ROBB_DWARF,2,4
CRASTER,CRASTERS_BABY,2,4
CRASTER,HODOR,2,4
CRASTER,MANCE,2,4
CRASTERS_BABY,HODOR,2,4
CRASTERS_BABY,JOJEN,2,4
CRASTERS_BABY,KARL_TANNER,2,4
CRASTERS_BABY,NIGHT_KING,2,4
CRASTERS_BABY,WHITE_WALKER,2,4
DAENERYS,DROGO,2,4
DAENERYS,MASTER_MIGHDAL,2,4
DAENERYS,RHAEGAR,2,4
DAENERYS,VARYS,2,4
DAENERYS,VISERYS,2,4
DAVOS,EDDISON_TOLLETT,2,4
DAVOS,GRENN,2,4
DAVOS,MAESTER_AEMON,2,4
DAVOS,SAM,2,4
DONGO_THE_GIANT,JON,2,4
DONNEL_HILL,MAG_THE_MIGHTY,2,4
DORAN,OBERYN,2,4
DORNISH_LORD,OBERYN,2,4
DROGO,RHAEGAR,2,4
EDDISON_TOLLETT,MAESTER_AEMON,2,4
EDDISON_TOLLETT,MELISANDRE,2,4
EDDISON_TOLLETT,SELYSE,2,4
EDDISON_TOLLETT,SHIREEN,2,4
EDDISON_TOLLETT,STANNIS,2,4
ELLARIA,MACE,2,4
ELLARIA,MARGAERY,2,4
ELLARIA,MORGANS_FRIEND,2,4
ELLARIA,SANSA,2,4
ELLARIA,VARYS,2,4
FENNESZ,MISSANDEI,2,4
FOOL,JOFFREY,2,4
FOOL,TYWIN,2,4
GILLY,MOLES_TOWN_MADAM,2,4
GOATHERD,GOATHERDS_SON,2,4
GOATHERD,GREY_WORM,2,4
GOATHERD,JORAH,2,4
GRENN,MAESTER_AEMON,2,4
GRENN,MELISANDRE,2,4
GRENN,SELYSE,2,4
GRENN,SHIREEN,2,4
GRENN,STANNIS,2,4
GRENN,YGRITTE,2,4
GREY_WORM,MOSSADOR,2,4
GUYMON,STYR,2,4
GUYMON,YGRITTE,2,4
HIGH_SEPTON,MACE,2,4
HIZDAHR,JORAH,2,4
HODOR,NED,2,4
HODOR,THREE_EYED_RAVEN,2,4
HOSTER,JON_ARRYN,2,4
HOSTER,LITTLEFINGER,2,4
HOUND,INNKEEPERS_DAUGHTER,2,4
HOUND,LOMMY,2,4
HOUND,MERYN_TRANT,2,4
HOUND,MOUNTAIN,2,4
HOUND,TOMMY,2,4
HOUND,VARYS,2,4
INNKEEPER,TOMMY,2,4
JAIME,JOANNA,2,4
JAIME,NED,2,4
JAIME,PYCELLE,2,4
JANOS,LITTLE_SAM,2,4
JANOS,LOCKE,2,4
JANOS,OTHELL_YARWYCK,2,4
JANOS,PYP,2,4
JEOR,JON,2,4
JEOR,KARL_TANNER,2,4
JOFFREY,LYSA,2,4
JOFFREY,MERYN_TRANT,2,4
JOFFREY,RENLY_DWARF,2,4
JOFFREY,ROBB,2,4
JOFFREY,STANNIS_DWARF,2,4
JOFFREY,VARYS,2,4
JOFFREY_DWARF,MARGAERY,2,4
JOFFREY_DWARF,RENLY_DWARF,2,4
JOFFREY_DWARF,TYRION,2,4
JOJEN,JON,2,4
JOJEN,LOCKE,2,4
JOJEN,RAST,2,4
JON,MELISANDRE,2,4
JON,QHORIN,2,4
JON,SELYSE,2,4
JON,SHIREEN,2,4
JON_ARRYN,ROBIN,2,4
JORAH,MEEREEN_CHAMPION,2,4
JORAH,VARYS,2,4
LEAF,THREE_EYED_RAVEN,2,4
LITTLE_SAM,MOLES_TOWN_MADAM,2,4
LITTLE_SAM,PYP,2,4
LITTLEFINGER,TYWIN,2,4
LITTLEFINGER,VANCE_CORBRAY,2,4
LOCKE,MEERA,2,4
LOCKE,MORAG,2,4
LOCKE,RAST,2,4
LOCKE,ROOSE_BOLTON,2,4
LOCKE,SAM,2,4
LOCKE,SISSY,2,4
LOLLYS,TYRION,2,4
LORAS,OLENNA,2,4
LORAS,RENLY_DWARF,2,4
LORAS,SANSA,2,4
LORAS,STANNIS_DWARF,2,4
LUTHOR,VIOLA,2,4
MACE,MOUNTAIN,2,4
MACE,PODRICK,2,4
MAESTER_AEMON,MELISANDRE,2,4
MAESTER_AEMON,OLLY,2,4
MAESTER_AEMON,PYP,2,4
MAESTER_AEMON,SELYSE,2,4
MAESTER_AEMON,SHIREEN,2,4
MAESTER_AEMON,STANNIS,2,4
MAREI,MORGAN,2,4
MAREI,SHAE,2,4
MAREI,TYRION,2,4
MARGAERY,PYCELLE,2,4
MARGAERY,ROBB_DWARF,2,4
MEERA,NED,2,4
MEERA,RAST,2,4
MELISANDRE,SAM,2,4
MERYN_TRANT,SYRIO_FOREL,2,4
MERYN_TRANT,THEON,2,4
MISSANDEI,ZALA,2,4
MOLES_TOWN_WHORE,SAM,2,4
MORGANS_FRIEND,TYRION,2,4
MOUNTAIN,POLLIVER,2,4
MOUNTAIN,SHAE,2,4
MUSICIAN,OLENNA,2,4
MYRCELLA,OBERYN,2,4
NED,ROBERT,2,4
NED,STANNIS,2,4
NED,YOHN_ROYCE,2,4
NIGHT_KING,WHITE_WALKER,2,4
OLENNA,VIOLA,2,4
OLLYS_MOTHER,STYR,2,4
OLLYS_MOTHER,TORMUND,2,4
OLLYS_MOTHER,YGRITTE,2,4
ORYS,ORYS_BROTHER,2,4
ORYS,TYWIN,2,4
ORYS_BROTHER,TYWIN,2,4
PODRICK,SHAE,2,4
POLLIVER,TOMMY,2,4
RALF,ROOSE_BOLTON,2,4
RAMSAY,RICKON,2,4
RAMSAY,ROBB,2,4
RANDYLL,SAM,2,4
RENLY_DWARF,ROBB_DWARF,2,4
ROBB,TYRION,2,4
ROBB_DWARF,SANSA,2,4
ROBB_DWARF,TYRION,2,4
ROBIN,TYRION,2,4
SAM,SELYSE,2,4
SAM,SHIREEN,2,4
SAM,STANNIS,2,4
SANSA,VANCE_CORBRAY,2,4
SANSA,VARYS,2,4
SANSA,WAYMAR_ROYCE,2,4
STANNIS,TYWIN,2,4
TOMMEN,TYCHO,2,4
TOMMEN,VARYS,2,4
TYCHO,TYWIN,2,4
ARYA,JAQEN,148,5
JORAH,TYRION,141,5
BRONN,JAIME,121,5
TYRION,VARYS,110,5
DAENERYS,TYRION,98,5
CERSEI,HIGH_SPARROW,96,5
BRIENNE,PODRICK,90,5
JON,STANNIS,90,5
LITTLEFINGER,SANSA,89,5
JON,SAM,85,5
GILLY,SAM,83,5
DAARIO,DAENERYS,81,5
MARGAERY,TOMMEN,79,5
SANSA,THEON,77,5
DAENERYS,HIZDAHR,69,5
DAVOS,STANNIS,68,5
JON,TORMUND,63,5
CERSEI,TOMMEN,62,5
JAIME,MYRCELLA,58,5
MYRANDA,SANSA,58,5
RAMSAY,THEON,58,5
MELISANDRE,STANNIS,52,5
RAMSAY,ROOSE_BOLTON,51,5
RAMSAY,SANSA,51,5
CERSEI,LITTLEFINGER,50,5
ARYA,WAIF,48,5
SHIREEN,STANNIS,47,5
CERSEI,MARGAERY,46,5
CERSEI,QYBURN,41,5
JON,OLLY,41,5
CERSEI,JAIME,40,5
DAENERYS,JORAH,40,5
JON,MELISANDRE,39,5
BARRISTAN,DAENERYS,38,5
DAVOS,JON,35,5
DAVOS,SHIREEN,35,5
BRONN,TYENE,34,5
DORAN,ELLARIA,33,5
JON,MANCE,33,5
ALLISER_THORNE,JON,32,5
JAQEN,WAIF,32,5
HIGH_SPARROW,OLENNA,30,5
LORAS,MARGAERY,30,5
OLLY,SAM,30,5
GREY_WORM,MISSANDEI,29,5
CERSEI,MACE,28,5
DAENERYS,MOSSADOR,28,5
JON,KARSI,28,5
MYRANDA,RAMSAY,28,5
AREO,DORAN,27,5
BRIENNE,LITTLEFINGER,27,5
DAARIO,TYRION,27,5
CERSEI,OLENNA,26,5
DAARIO,HIZDAHR,24,5
DORAN,JAIME,24,5
MYRCELLA,TRYSTANE,24,5
SAM,STANNIS,24,5
DAENERYS,MISSANDEI,22,5
LITTLEFINGER,ROOSE_BOLTON,22,5
CERSEI,KEVAN,21,5
HIGH_SPARROW,LORAS,21,5
CERSEI,MAGGY,20,5
DAARIO,GREY_WORM,20,5
JANOS,JON,20,5
SELYSE,SHIREEN,20,5
AREO,BRONN,19,5
ELLARIA,JAIME,19,5
KARSI,TORMUND,19,5
TYCHO,MACE,19,5
AREO,JAIME,18,5
CERSEI,LANCEL,18,5
CERSEI,PYCELLE,18,5
GILLY,SHIREEN,18,5
JON,MAESTER_AEMON,18,5
SELYSE,STANNIS,18,5
BLACK_HAIRED_PROSTITUTE,TYRION,17,5
DAARIO,JORAH,17,5
HIGH_SPARROW,MARGAERY,17,5
MAESTER_AEMON,SAM,17,5
MALKO,TYRION,17,5
ARYA,MERYN_TRANT,16,5
DAARIO,MISSANDEI,16,5
JAIME,TRYSTANE,16,5
JON,LOBODA,16,5
LITTLEFINGER,OLENNA,16,5
MISSANDEI,TYRION,16,5
ROOSE_BOLTON,SANSA,16,5
AREO,ELLARIA,15,5
AREO,MYRCELLA,15,5
BRIENNE,SANSA,15,5
CERSEI,LORAS,15,5
LORAS,OLYVAR,15,5
ALLISER_THORNE,SAM,14,5
BRONN,LOLLYS,14,5
CERSEI,SEPTA_UNELLA,14,5
DAENERYS,GREY_WORM,14,5
LANCEL,LITTLEFINGER,14,5
LITTLEFINGER,RAMSAY,14,5
MANCE,STANNIS,14,5
MARGAERY,OLENNA,14,5
NYMERIA,TYENE,14,5
ARYA,THIN_MAN,13,5
CERSEI,HIGH_SEPTON,13,5
CERSEI,MERYN_TRANT,13,5
DAVOS,MELISANDRE,13,5
HIZDAHR,TYRION,13,5
MELISANDRE,SELYSE,13,5
MYRANDA,THEON,13,5
BRONN,DORNISH_RIDER,12,5
CERSEI,MELARA,12,5
CERSEI,TYWIN,12,5
EDDISON_TOLLETT,JON,12,5
JORAH,MALKO,12,5
LORD_OF_BONES,TORMUND,12,5
BRAND,DERRYK,11,5
ELLARIA,OBARA,11,5
ELLARIA,TYENE,11,5
HIGH_SEPTON,OLYVAR,11,5
JAQEN,THIN_MAN,11,5
DAVOS,OLLY,10,5
ELLARIA,MYRCELLA,10,5
OLLY,STANNIS,10,5
PYCELLE,QYBURN,10,5
BRIENNE,STANNIS,9,5
BRONN,MYRCELLA,9,5
DAENERYS,VARYS,9,5
DAVOS,SELYSE,9,5
DORAN,MYRCELLA,9,5
DORAN,TRYSTANE,9,5
HIGH_SPARROW,OLYVAR,9,5
JORAH,MISSANDEI,9,5
LITTLEFINGER,ROYCE,9,5
LORAS,OLENNA,9,5
LORAS,TOMMEN,9,5
MACE,QYBURN,9,5
MELISANDRE,SHIREEN,9,5
RAMSAY,WALDA,9,5
ALLISER_THORNE,OLLY,8,5
AREO,TRYSTANE,8,5
BRIENNE,RENLY,8,5
GILLY,LITTLE_SAM,8,5
HIGH_SPARROW,TOMMEN,8,5
HIZDAHR,MISSANDEI,8,5
JANOS,SAM,8,5
KARSI,LOBODA,8,5
LANCEL,LORAS,8,5
ROOSE_BOLTON,THEON,8,5
SANSA,WALDA,8,5
TYRION,TYWIN,8,5
AREO,OBARA,7,5
BARRISTAN,DAARIO,7,5
BRONN,OBARA,7,5
CATELYN,SANSA,7,5
CERSEI,MYRCELLA,7,5
DERRYK,SAM,7,5
GILLY,OLLY,7,5
GREY_WORM,JORAH,7,5
HIZDAHR,MOSSADOR,7,5
MACE,MERYN_TRANT,7,5
MACE,PYCELLE,7,5
MARGAERY,OLYVAR,7,5
OWNER,TYRION,7,5
PODRICK,SANSA,7,5
RAMSAY,STANNIS,7,5
ALLISER_THORNE,JANOS,6,5
BRAND,SAM,6,5
BRONN,DORAN,6,5
BRONN,TRYSTANE,6,5
CERSEI,TYRION,6,5
DAARIO,MOSSADOR,6,5
EDDISON_TOLLETT,SAM,6,5
ELLARIA,OBERYN,6,5
GILLY,JON,6,5
GILLY,SELYSE,6,5
HIGH_SEPTON,LANCEL,6,5
HIGH_SEPTON,QYBURN,6,5
JAIME,TYWIN,6,5
JON,SELYSE,6,5
JORAH,VARYS,6,5
LITTLE_SAM,SAM,6,5
MADAME,MERYN_TRANT,6,5
MANCE,TORMUND,6,5
MYRANDA,WALDA,6,5
MYRCELLA,OBARA,6,5
NYMERIA,OBARA,6,5
OBARA,TYENE,6,5
ROOSE_BOLTON,WALDA,6,5
ALLISER_THORNE,STANNIS,5,5
BRAN,RICKON,5,5
BRAN,THEON,5,5
BRIENNE,CATELYN,5,5
BRONN,NYMERIA,5,5
CATELYN,LITTLEFINGER,5,5
CERSEI,ROBERT,5,5
DAENERYS,OWNER,5,5
DERRYK,GILLY,5,5
DORAN,OBERYN,5,5
EDDISON_TOLLETT,OLLY,5,5
ELLARIA,NYMERIA,5,5
HIGH_SEPTON,MACE,5,5
JON,LORD_OF_BONES,5,5
KEVAN,TOMMEN,5,5
LITTLEFINGER,STANNIS,5,5
MELISANDRE,SAM,5,5
NED,STANNIS,5,5
PODRICK,STANNIS,5,5
RICKON,THEON,5,5
SAM,SELYSE,5,5
ALLISER_THORNE,DAVOS,4,5
ALLISER_THORNE,EDDISON_TOLLETT,4,5
ALLISER_THORNE,MAESTER_AEMON,4,5
ALLISER_THORNE,TORMUND,4,5
AREO,NYMERIA,4,5
AREO,TYENE,4,5
ARYA,MACE,4,5
BARRISTAN,MOSSADOR,4,5
CERSEI,OLYVAR,4,5
CERSEI,ROOSE_BOLTON,4,5
CERSEI,VARYS,4,5
DORNISH_RIDER,JAIME,4,5
EDDISON_TOLLETT,STANNIS,4,5
ELLARIA,TRYSTANE,4,5
GILLY,MAESTER_AEMON,4,5
GILLY,STANNIS,4,5
HIGH_SEPTON,HIGH_SPARROW,4,5
HIGH_SPARROW,RENLY,4,5
HIGH_SPARROW,ROBERT,4,5
HIZDAHR,JORAH,4,5
JAIME,TYENE,4,5
JON,NIGHT_KING,4,5
JORAH,OWNER,4,5
LITTLEFINGER,ROBIN,4,5
LITTLEFINGER,THEON,4,5
LOBODA,TORMUND,4,5
MERYN_TRANT,QYBURN,4,5
MYRANDA,ROOSE_BOLTON,4,5
QUICK,STRONG,4,5
ROBERT,STANNIS,4,5
ROOSE_BOLTON,STANNIS,4,5
ROOSE_BOLTON,TYWIN,4,5
SAM,SHIREEN,4,5
SANSA,YOHN_ROYCE,4,5
THEON,WALDA,4,5
AEGON,MAESTER_AEMON,3,5
AERYS,DAENERYS,3,5
ARYA,NED,3,5
ARYA,TYCHO,3,5
BARRISTAN,GREY_WORM,3,5
BARRISTAN,RHAEGAR,3,5
BRAN,SANSA,3,5
CERSEI,JOFFREY,3,5
CERSEI,OBERYN,3,5
CERSEI,SANSA,3,5
DORAN,TOMMEN,3,5
EDDISON_TOLLETT,JANOS,3,5
GILLY,JANOS,3,5
GREY_WORM,MOSSADOR,3,5
GREY_WORM,TYRION,3,5
JAIME,LOLLYS,3,5
JAIME,OBARA,3,5
JAIME,TYRION,3,5
JAIME,VARYS,3,5
JANOS,OLLY,3,5
JANOS,STANNIS,3,5
JEOR,JON,3,5
JOFFREY,MARGAERY,3,5
JOFFREY,TOMMEN,3,5
JON,OTHELL_YARWYCK,3,5
JON,ROBB,3,5
KEVAN,LANCEL,3,5
KEVAN,PYCELLE,3,5
KEVAN,QYBURN,3,5
LITTLE_SAM,OLLY,3,5
LITTLEFINGER,LYANNA,3,5
LITTLEFINGER,LYSA,3,5
LITTLEFINGER,NED,3,5
LITTLEFINGER,PODRICK,3,5
LITTLEFINGER,YOHN_ROYCE,3,5
LORD_WEEBLY,SAM,3,5
LYANNA,SANSA,3,5
MANCE,MELISANDRE,3,5
NED,ROBERT,3,5
NED,SANSA,3,5
OBARA,OBERYN,3,5
PODRICK,RENLY,3,5
PODRICK,TYRION,3,5
RICKON,SANSA,3,5
ROYCE,SANSA,3,5
SANSA,STANNIS,3,5
SHAE,TYRION,3,5
SHAE,TYWIN,3,5
STANNIS,TORMUND,3,5
AEGON,RHAENYRA,2,5
AERYS,BARRISTAN,2,5
ALLISER_THORNE,DENYS,2,5
ALLISER_THORNE,MANCE,2,5
ARYA,MADAME,2,5
ARYA,MOUNTAIN,2,5
ARYA,SANSA,2,5
ARYA,WALDER,2,5
BARRISTAN,HIZDAHR,2,5
BRIAN,JON,2,5
BRIENNE,ROBERT,2,5
BRIENNE,SELWYN,2,5
BRONN,CERSEI,2,5
BRONN,FALYSE,2,5
CATELYN,NED,2,5
CATELYN,ROBB,2,5
CERSEI,ELLARIA,2,5
CERSEI,JORAH,2,5
CERWYN,RAMSAY,2,5
DAARIO,QUICK,2,5
DAARIO,STRONG,2,5
DAENERYS,QUICK,2,5
DAENERYS,ROBERT,2,5
DAENERYS,STRONG,2,5
DAVOS,EDDISON_TOLLETT,2,5
DAVOS,SAM,2,5
DORAN,OBARA,2,5
DORAN,TYENE,2,5
EDDISON_TOLLETT,GILLY,2,5
EDDISON_TOLLETT,LITTLE_SAM,2,5
EDDISON_TOLLETT,PYP,2,5
EDDISON_TOLLETT,TORMUND,2,5
GILLY,MELISANDRE,2,5
GRENN,PYP,2,5
HIGH_SEPTON,PYCELLE,2,5
HIGH_SPARROW,MERYN_TRANT,2,5
HIGH_SPARROW,SEPTA_UNELLA,2,5
HIZDAHR,OWNER,2,5
HIZDAHR,QUICK,2,5
HIZDAHR,STRONG,2,5
JAIME,LITTLEFINGER,2,5
JAIME,NYMERIA,2,5
JAIME,TOMMEN,2,5
JAQEN,MACE,2,5
JAQEN,MERYN_TRANT,2,5
JEOR,SAM,2,5
JOFFREY,RENLY,2,5
JOFFREY,ROBERT,2,5
JOFFREY,SANSA,2,5
JOFFREY,TYRION,2,5
JOFFREY,TYWIN,2,5
JON,LITTLE_SAM,2,5
JON,LORD_WEEBLY,2,5
JON,ROOSE_BOLTON,2,5
JON,SHIREEN,2,5
JORAH,MOSSADOR,2,5
KARSI,NIGHT_KING,2,5
KEVAN,TYWIN,2,5
LANCEL,OLYVAR,2,5
LANCEL,PYCELLE,2,5
LITTLE_SAM,MELISANDRE,2,5
LITTLE_SAM,STANNIS,2,5
LITTLEFINGER,LORAS,2,5
LITTLEFINGER,MYRANDA,2,5
LITTLEFINGER,OLYVAR,2,5
LITTLEFINGER,RENLY,2,5
LITTLEFINGER,ROBB,2,5
LITTLEFINGER,TOMMEN,2,5
LITTLEFINGER,WALDA,2,5
LOLLYS,TANDA,2,5
LORAS,TYWIN,2,5
LYANNA_MORMONT,STANNIS,2,5
MACE,MERYN_TRANT,2,5
MACE,THIN_MAN,2,5
MACE,TOMMEN,2,5
MAESTER_WOLKAN,ROOSE_BOLTON,2,5
MAGGY,MELARA,2,5
MAGGY,ROBERT,2,5
MAGNAR,SAM,2,5
MANCE,SAM,2,5
MARGAERY,ROBERT,2,5
MELISANDRE,OLLY,2,5
MERYN_TRANT,MOUNTAIN,2,5
MERYN_TRANT,THIN_MAN,2,5
MOSSADOR,TYRION,2,5
NED,THEON,2,5
OLENNA,OLYVAR,2,5
OLYVAR,TOMMEN,2,5
PYCELLE,VARYS,2,5
QUICK,TYRION,2,5
RANDYLL,SAM,2,5
RHAEGAR,ROBERT,2,5
ROBB,SANSA,2,5
ROBB,THEON,2,5
ROBERT,TYWIN,2,5
ROBERT,VARYS,2,5
ROBIN,ROYCE,2,5
ROBIN,SANSA,2,5
STANNIS,STEFFON,2,5
STRONG,TYRION,2,5
THIN_MAN,WAIF,2,5
TOMMEN,TYWIN,2,5
TYCHO,JAQEN,2,5
TYCHO,MERYN_TRANT,2,5
TYCHO,THIN_MAN,2,5
JON,SANSA,151,6
MISSANDEI,TYRION,88,6
TYRION,VARYS,86,6
ARYA,JAQEN,83,6
DAVOS,MELISANDRE,82,6
GREY_WORM,TYRION,81,6
DAVOS,JON,80,6
GILLY,SAM,80,6
BRAN,THREE_EYED_RAVEN,76,6
HIGH_SPARROW,MARGAERY,76,6
THEON,YARA,72,6
DAENERYS,TYRION,69,6
CERSEI,JAIME,66,6
ARYA,LADY_CRANE,64,6
DAARIO,JORAH,60,6
LITTLEFINGER,SANSA,57,6
DAARIO,DAENERYS,54,6
JON,MELISANDRE,54,6
JON,TORMUND,54,6
BRAN,MEERA,51,6
BRIENNE,JAIME,50,6
DAVOS,TORMUND,50,6
HIGH_SPARROW,TOMMEN,49,6
ARYA,WAIF,48,6
CERSEI,TOMMEN,48,6
EDDISON_TOLLETT,JON,48,6
BRIENNE,SANSA,46,6
GREY_WORM,MISSANDEI,44,6
HOUND,RAY,41,6
MARGAERY,OLENNA,40,6
HODOR,MEERA,39,6
BRAN,HODOR,38,6
DAVOS,SANSA,38,6
RAMSAY,SANSA,37,6
BRONN,JAIME,36,6
JAIME,TOMMEN,36,6
MARGAERY,TOMMEN,36,6
BRYNDEN,JAIME,35,6
DAENERYS,KHAL_MORO,34,6
RAMSAY,SMALLJON,34,6
HIGH_SPARROW,JAIME,33,6
LORAS,MARGAERY,33,6
BRIENNE,BRYNDEN,32,6
EDMURE,JAIME,31,6
JON,RAMSAY,30,6
BENJEN,BRAN,29,6
CERSEI,OLENNA,29,6
CERSEI,QYBURN,29,6
LYANNA,NED,29,6
SANSA,THEON,29,6
DAVOS,EDDISON_TOLLETT,28,6
BRIENNE,PODRICK,27,6
BERIC,HOUND,26,6
HOUND,THOROS,25,6
RAMSAY,ROOSE_BOLTON,25,6
JON,LYANNA_MORMONT,24,6
SANSA,TORMUND,24,6
BALON,YARA,23,6
OSHA,RAMSAY,23,6
ALLISER_THORNE,DAVOS,22,6
HIGH_SPARROW,LORAS,22,6
BRONN,PODRICK,21,6
CAMELLO,LADY_CRANE,21,6
DAENERYS,JORAH,21,6
EDDISON_TOLLETT,TORMUND,21,6
GREY_WORM,VARYS,21,6
LITTLE_SAM,SAM,21,6
MARGAERY,SEPTA_UNELLA,21,6
MELESSA,SAM,21,6
BRAN,NED,20,6
JAQEN,WAIF,20,6
RAMSAY,WALDA,20,6
BRAN,LEAF,19,6
JAIME,WALDER,19,6
JON,ROBETT,19,6
ARYA,WALDER,18,6
CERSEI,KEVAN,18,6
DAENERYS,YARA,18,6
GILLY,LITTLE_SAM,18,6
BALON,EURON,17,6
DAVOS,LYANNA_MORMONT,17,6
EURON,YARA,17,6
BIANCA,LADY_CRANE,16,6
BOBONO,LADY_CRANE,16,6
CERSEI,PYCELLE,16,6
EURON,THEON,16,6
IZEMBARO,LADY_CRANE,16,6
LITTLEFINGER,YOHN_ROYCE,16,6
MISSANDEI,VARYS,16,6
TYRION,YEZZAN,16,6
BLACK_WALDER,LOTHAR,15,6
BLACK_WALDER,WALDER,15,6
CERSEI,HIGH_SPARROW,15,6
CERSEI,LANCEL,15,6
DAENERYS,LHAZAREEN_WOMAN,15,6
DAENERYS,THEON,15,6
GILLY,MELESSA,15,6
HODOR,THREE_EYED_RAVEN,15,6
KINVARA,TYRION,15,6
LITTLEFINGER,ROBIN,15,6
BLACK_WALDER,JAIME,14,6
CERSEI,MARGAERY,14,6
RANDYLL,SAM,14,6
VALA,VARYS,14,6
ALLISER_THORNE,JON,13,6
BIANCA,IZEMBARO,13,6
JAIME,LOTHAR,13,6
JON,WUN_WUN,13,6
LEAF,MEERA,13,6
MAESTER_CITADEL,SAM,13,6
PODRICK,SANSA,13,6
PYCELLE,QYBURN,13,6
RAMSAY,RICKON,13,6
THEON,TYRION,13,6
ARTHUR,NED,12,6
BENJEN,MEERA,12,6
BRAN,NIGHT_KING,12,6
CERSEI,SEPTA_UNELLA,12,6
JAIME,KEVAN,12,6
LYANNA_MORMONT,SANSA,12,6
MAESTER_WOLKAN,RAMSAY,12,6
MELESSA,TALLA,12,6
MELISANDRE,TORMUND,12,6
NED,SANSA,12,6
TORMUND,WUN_WUN,12,6
ALLISER_THORNE,EDDISON_TOLLETT,11,6
BRIENNE,DAVOS,11,6
BRYNDEN,EDMURE,11,6
CLARENZO,LADY_CRANE,11,6
DAENERYS,MISSANDEI,11,6
DICKON,SAM,11,6
EDDISON_TOLLETT,MELISANDRE,11,6
EDDISON_TOLLETT,SANSA,11,6
JOFFREY,LADY_CRANE,11,6
LEM,RAY,11,6
MACE,OLENNA,11,6
MEERA,THREE_EYED_RAVEN,11,6
MELESSA,RANDYLL,11,6
NED,THREE_EYED_RAVEN,11,6
RAMSAY,SON_OFWALDA,11,6
ARYA,BIANCA,10,6
BENJEN,NED,10,6
BIANCA,BOBONO,10,6
BOBONO,CLARENZO,10,6
BRIENNE,JON,10,6
BRIENNE,MELISANDRE,10,6
GREY_WORM,YEZZAN,10,6
HIGH_SPARROW,SEPTA_UNELLA,10,6
JAIME,OLENNA,10,6
JON,NED,10,6
MELISANDRE,SANSA,10,6
PYCELLE,TOMMEN,10,6
RAZDAL,TYRION,10,6
SON_OFWALDA,WALDA,10,6
AERON,YARA,9,6
ALLISER_THORNE,TORMUND,9,6
ARYA,IZEMBARO,9,6
BLACK_WALDER,EDMURE,9,6
BOBONO,IZEMBARO,9,6
BRIENNE,EDDISON_TOLLETT,9,6
BRIENNE,TORMUND,9,6
CLARENZO,IZEMBARO,9,6
DAVOS,STANNIS,9,6
DAVOS,WUN_WUN,9,6
ELLARIA,OLENNA,9,6
GATINS,HOUND,9,6
HODOR,LEAF,9,6
JON,RICKON,9,6
LOTHAR,WALDER,9,6
MACE,MARGAERY,9,6
NYMERIA,OBARA,9,6
AERON,EURON,8,6
BENJEN,LYANNA,8,6
BERIC,THOROS,8,6
BIANCA,CLARENZO,8,6
DAENERYS,DOSH_KHALEEN_LEADER,8,6
DAENERYS,GREY_WORM,8,6
DAENERYS,VARYS,8,6
DAVOS,RAMSAY,8,6
DORAN,ELLARIA,8,6
DOSH_KHALEEN_LEADER,LHAZAREEN_WOMAN,8,6
GILLY,RANDYLL,8,6
GILLY,TALLA,8,6
HIGH_SPARROW,LANCEL,8,6
JAIME,MACE,8,6
JAIME,MARGAERY,8,6
JON,LITTLEFINGER,8,6
JON,SMALLJON,8,6
KINVARA,VARYS,8,6
LEAF,THREE_EYED_RAVEN,8,6
MYRANDA,RAMSAY,8,6
QYBURN,TOMMEN,8,6
RAMSAY,RICKARD_KARSTARK,8,6
RAMSAY,TORMUND,8,6
SAM,TALLA,8,6
ALLISER_THORNE,OLLY,7,6
BELICHO,TYRION,7,6
BENJEN,THREE_EYED_RAVEN,7,6
BOBONO,CAMELLO,7,6
EDMURE,GUARD_CAPTAIN,7,6
GLOVER,JON,7,6
GREY_WORM,RAZDAL,7,6
JAIME,QYBURN,7,6
KEVAN,OLENNA,7,6
KEVAN,TOMMEN,7,6
LORAS,TOMMEN,7,6
LYANNA_MORMONT,MAESTER_MORMONT,7,6
MEERA,NIGHT_KING,7,6
MISSANDEI,RAZDAL,7,6
MISSANDEI,YEZZAN,7,6
NYMERIA,TRYSTANE,7,6
OBARA,OLENNA,7,6
OLENNA,SEPTA_UNELLA,7,6
RAZDAL,YEZZAN,7,6
RICKON,SANSA,7,6
ROBETT,SANSA,7,6
ROBIN,YOHN_ROYCE,7,6
ROOSE_BOLTON,SANSA,7,6
ALLISER_THORNE,BOWEN_MARSH,6,6
ARTHUR_CHILD,QYBURN,6,6
ARYA,CLARENZO,6,6
ARYA,SANSA,6,6
BELICHO,RAZDAL,6,6
BOWEN_MARSH,JON,6,6
BRAN,LYANNA,6,6
BRYNDEN,GUARD_CAPTAIN,6,6
BRYNDEN,PODRICK,6,6
BRYNDEN,SANSA,6,6
CAMELLO,CLARENZO,6,6
CAMELLO,IZEMBARO,6,6
CATELYN,JAIME,6,6
CERSEI,JOFFREY,6,6
CERSEI,LADY_CRANE,6,6
CERSEI,LORAS,6,6
DAENERYS,DROGO,6,6
DAENERYS,RAZDAL,6,6
DAVOS,SMALLJON,6,6
EDMURE,LOTHAR,6,6
HIGH_SPARROW,MACE,6,6
HOUND,LEM,6,6
JON,OLLY,6,6
LADY_CRANE,SANSA,6,6
LANCEL,MARGAERY,6,6
LEAF,NIGHT_KING,6,6
MELISANDRE,STANNIS,6,6
OBARA,TRYSTANE,6,6
RICKON,SMALLJON,6,6
SMALLJON,TORMUND,6,6
TYRION,YARA,6,6
ARYA,BOBONO,5,6
ARYA,CAMELLO,5,6
ARYA,JOFFREY,5,6
BELICHO,GREY_WORM,5,6
BELICHO,MISSANDEI,5,6
BELICHO,YEZZAN,5,6
BLACK_WALDER,BRONN,5,6
BLACK_WALDER,BRYNDEN,5,6
BOBONO,JOFFREY,5,6
BRIENNE,LITTLEFINGER,5,6
BRIENNE,THEON,5,6
BRYNDEN,WALDER,5,6
CERSEI,MOUNTAIN,5,6
CERSEI,MYRCELLA,5,6
CERSEI,TYWIN,5,6
CLARENZO,JOFFREY,5,6
CLARENZO,TYRION,5,6
DAENERYS,KINVARA,5,6
DAVOS,LITTLEFINGER,5,6
DIM_DALBA,JON,5,6
DOM,VARYS,5,6
DORAN,MAESTER_DORNE,5,6
DROGO,KHAL_MORO,5,6
EDDISON_TOLLETT,OLLY,5,6
EDMURE,WALDER,5,6
ELLARIA,TYENE,5,6
JOFFREY,SANSA,5,6
JON,MAESTER_MORMONT,5,6
JON,ROBB,5,6
KEVAN,PYCELLE,5,6
LADY_CRANE,TYRION,5,6
LANCEL,LORAS,5,6
LITTLE_SAM,MELESSA,5,6
MAESTER_MORMONT,SANSA,5,6
NED,RICKARD_STARK,5,6
NIGHT_KING,THREE_EYED_RAVEN,5,6
OLLY,TORMUND,5,6
PODRICK,THEON,5,6
RAMSAY,WUN_WUN,5,6
RANDYLL,TALLA,5,6
RICKARD_KARSTARK,ROOSE_BOLTON,5,6
RICKARD_KARSTARK,SMALLJON,5,6
SANSA,WUN_WUN,5,6
AERON,BALON,4,6
AERON,THEON,4,6
ARTHUR,HOWLAND,4,6
ARYA,CERSEI,4,6
BALON,THEON,4,6
BIANCA,CAMELLO,4,6
BIANCA,JOFFREY,4,6
BIANCA,SANSA,4,6
BOBONO,SANSA,4,6
BOBONO,TYRION,4,6
BOBONO,TYWIN,4,6
BOWEN_MARSH,DAVOS,4,6
BOWEN_MARSH,EDDISON_TOLLETT,4,6
BOWEN_MARSH,MELISANDRE,4,6
BOWEN_MARSH,OLLY,4,6
BOWEN_MARSH,OTHELL_YARWYCK,4,6
BOWEN_MARSH,TORMUND,4,6
BRIENNE,STANNIS,4,6
BRONN,LOTHAR,4,6
BRYNDEN,LOTHAR,4,6
CERSEI,CLARENZO,4,6
CERSEI,MACE,4,6
CERSEI,SANSA,4,6
CLARENZO,SANSA,4,6
DAARIO,LHAZAREEN_WOMAN,4,6
DAENERYS,YEZZAN,4,6
DAVOS,MAESTER_MORMONT,4,6
DAVOS,OLLY,4,6
DICKON,GILLY,4,6
DIM_DALBA,TORMUND,4,6
DORAN,TYENE,4,6
EDDISON_TOLLETT,PODRICK,4,6
GILLY,MAESTER_CITADEL,4,6
GLOVER,MANDERLY,4,6
HARALD,RAMSAY,4,6
HIGH_SPARROW,OLENNA,4,6
HODOR,LYANNA,4,6
HODOR,NIGHT_KING,4,6
HOWLAND,NED,4,6
JAIME,MYRCELLA,4,6
JAIME,SON_OF_EDMURE,4,6
JOFFREY,TYRION,4,6
JON,MANDERLY,4,6
JON,PODRICK,4,6
JON,SAM,4,6
JON,STANNIS,4,6
KEVAN,MARGAERY,4,6
LITTLEFINGER,TORMUND,4,6
LORAS,OLENNA,4,6
LYANNA_MORMONT,ROBB,4,6
MAESTER_WOLKAN,MYRANDA,4,6
MAESTER_WOLKAN,RICKARD_KARSTARK,4,6
MYRCELLA,TOMMEN,4,6
NYMERIA,OLENNA,4,6
PODRICK,TORMUND,4,6
RED_PRIEST,TYRION,4,6
SANSA,SMALLJON,4,6
SANSA,TYRION,4,6
STANNIS,TORMUND,4,6
AERYS,TYRION,3,6
ALLISER_THORNE,MELISANDRE,3,6
ALLISER_THORNE,OTHELL_YARWYCK,3,6
ALLISER_THORNE,WUN_WUN,3,6
AREO,DORAN,3,6
AREO,ELLARIA,3,6
AREO,TYENE,3,6
ARTHUR,BRAN,3,6
ARTHUR,THREE_EYED_RAVEN,3,6
ARYA,BRAN,3,6
ARYA,TYRION,3,6
BENJEN,HODOR,3,6
BERIC,LEM,3,6
BIANCA,CERSEI,3,6
BIANCA,NED,3,6
BIANCA,TYRION,3,6
BOBONO,CERSEI,3,6
BOBONO,NED,3,6
BRAN,JON,3,6
BRAN,RICKON,3,6
BRONN,EDMURE,3,6
CATELYN,NED,3,6
CATELYN,SANSA,3,6
CERSEI,IZEMBARO,3,6
CERSEI,TYRION,3,6
CLARENZO,MARGAERY,3,6
DAENERYS,RED_PRIEST,3,6
DAVOS,GLOVER,3,6
DAVOS,HARALD,3,6
DAVOS,SHIREEN,3,6
DICKON,RANDYLL,3,6
DIM_DALBA,WUN_WUN,3,6
DOM,VALA,3,6
DORAN,OBERYN,3,6
EDDISON_TOLLETT,WUN_WUN,3,6
GLOVER,SANSA,3,6
HARALD,JON,3,6
HARALD,SANSA,3,6
HARALD,SMALLJON,3,6
HARALD,TORMUND,3,6
HIGH_SPARROW,KEVAN,3,6
HODOR,NED,3,6
HOWLAND,THREE_EYED_RAVEN,3,6
IZEMBARO,JOFFREY,3,6
IZEMBARO,NED,3,6
IZEMBARO,TYWIN,3,6
JAIME,PODRICK,3,6
JAIME,PYCELLE,3,6
JAIME,SANSA,3,6
JEOR,JON,3,6
JOFFREY,MARGAERY,3,6
JON,OTHELL_YARWYCK,3,6
JON,ROOSE_BOLTON,3,6
JORAH,LHAZAREEN_WOMAN,3,6
KEVAN,LORAS,3,6
KEVAN,MACE,3,6
LEM,THOROS,3,6
LITTLE_SAM,TALLA,3,6
LORAS,MACE,3,6
LYANNA,THREE_EYED_RAVEN,3,6
LYANNA_MORMONT,RAMSAY,3,6
LYANNA_MORMONT,TORMUND,3,6
MACE,PYCELLE,3,6
MANDERLY,ROBB,3,6
MARGAERY,TYRION,3,6
NED,OLD_NAN,3,6
NED,RAMSAY,3,6
OLENNA,PYCELLE,3,6
OLENNA,TOMMEN,3,6
OLENNA,TYENE,3,6
RAZDAL,VARYS,3,6
RED_PRIEST,VARYS,3,6
ROBB,ROBETT,3,6
ROOSE_BOLTON,SMALLJON,3,6
ROOSE_BOLTON,WALDA,3,6
SANSA,STANNIS,3,6
SMALLJON,WUN_WUN,3,6
AREO,MAESTER_DORNE,2,6
ARYA,NED,2,6
ARYA,RICKON,2,6
ARYA,ROBERT,2,6
BELICHO,DAENERYS,2,6
BELICHO,VARYS,2,6
BENJEN,RODRIK,2,6
BIANCA,MARGAERY,2,6
BOBONO,MARGAERY,2,6
BOWEN_MARSH,OTHELL_YARWYCK,2,6
BRAN,HOWLAND,2,6
BRAN,JAQEN,2,6
BRAN,OLD_NAN,2,6
BRAN,RODRIK,2,6
BRAN,SANSA,2,6
BRONN,BRYNDEN,2,6
BRONN,WALDER,2,6
BRYNDEN,MINISA,2,6
CAMELLO,NED,2,6
CAMELLO,SANSA,2,6
CAMELLO,TYRION,2,6
CATELYN,EDMURE,2,6
CATELYN,ROBB,2,6
CERSEI,ROBERT,2,6
CERSEI,SON_OF_EDMURE,2,6
CERSEI,VARYS,2,6
CLARENZO,ROBERT,2,6
DAARIO,DOSH_KHALEEN_LEADER,2,6
DAARIO,KHAL_MORO,2,6
DAENERYS,VALA,2,6
DAVOS,DIM_DALBA,2,6
DAVOS,OTHELL_YARWYCK,2,6
DAVOS,RICKON,2,6
DAVOS,ROBETT,2,6
DICKON,MELESSA,2,6
DICKON,TALLA,2,6
DIM_DALBA,SANSA,2,6
DOSH_KHALEEN_LEADER,JORAH,2,6
EDDISON_TOLLETT,OTHELL_YARWYCK,2,6
EDMURE,HOSTER,2,6
EDMURE,SON_OF_EDMURE,2,6
ELLARIA,MAESTER_DORNE,2,6
ELLARIA,NYMERIA,2,6
ELLARIA,OBARA,2,6
ELLARIA,OBERYN,2,6
FLYNN,LEM,2,6
FLYNN,MORGAN,2,6
FLYNN,RAY,2,6
GLOVER,ROBB,2,6
GLOVER,ROBETT,2,6
GREY_WORM,THEON,2,6
GREY_WORM,YARA,2,6
HARALD,LYANNA_MORMONT,2,6
HODOR,OLD_NAN,2,6
IZEMBARO,ROBERT,2,6
IZEMBARO,SANSA,2,6
IZEMBARO,TYRION,2,6
JAIME,LORAS,2,6
JAIME,ROBB,2,6
JAIME,TYRION,2,6
JON,THEON,2,6
JORAH,KHAL_MORO,2,6
KEVAN,QYBURN,2,6
KRAZNYS_MO_NAKLOZ,MISSANDEI,2,6
LADY_CRANE,MARGAERY,2,6
LADY_CRANE,ROBERT,2,6
LADY_CRANE,TYWIN,2,6
LADY_CRANE,WAIF,2,6
LANCEL,MACE,2,6
LANCEL,QYBURN,2,6
LANCEL,SEPTA_UNELLA,2,6
LEM,MORGAN,2,6
LITTLE_SAM,RANDYLL,2,6
LITTLEFINGER,RAMSAY,2,6
LITTLEFINGER,SMALLJON,2,6
LITTLEFINGER,WUN_WUN,2,6
LYANNA_MORMONT,MANDERLY,2,6
LYANNA_MORMONT,SMALLJON,2,6
MAESTER_AEMON,SAM,2,6
MAESTER_DORNE,TYENE,2,6
MAESTER_WOLKAN,ROOSE_BOLTON,2,6
MANCE,TORMUND,2,6
MARGAERY,SANSA,2,6
MEERA,OLD_NAN,2,6
MELISANDRE,OLLY,2,6
MELISANDRE,OTHELL_YARWYCK,2,6
MELISANDRE,PODRICK,2,6
MELISANDRE,RAMSAY,2,6
MISSANDEI,THEON,2,6
MISSANDEI,YARA,2,6
MORGAN,RAY,2,6
NED,ROBB,2,6
NED,ROBERT,2,6
NED,ROBETT,2,6
NED,RODRIK,2,6
NED,TYRION,2,6
NYMERIA,TYENE,2,6
OBARA,TYENE,2,6
OLD_NAN,THREE_EYED_RAVEN,2,6
OLLY,OTHELL_YARWYCK,2,6
OSHA,SMALLJON,2,6
OTHELL_YARWYCK,TORMUND,2,6
QYBURN,VARYS,2,6
RICKON,TORMUND,2,6
RICKON,WUN_WUN,2,6
ROBB,WALDER,2,6
ROBIN,SANSA,2,6
SANSA,TYWIN,2,6
SANSA,YOHN_ROYCE,2,6
STANNIS,VARYS,2,6
THEON,VARYS,2,6
TYRION,TYWIN,2,6
VARYS,YARA,2,6
VARYS,YEZZAN,2,6
DAENERYS,TYRION,179,7
DAENERYS,JON,178,7
CERSEI,JAIME,172,7
ARYA,SANSA,156,7
JON,TYRION,107,7
LITTLEFINGER,SANSA,107,7
DAVOS,JON,92,7
BRONN,JAIME,85,7
JON,SANSA,79,7
MARWYN,SAM,75,7
CERSEI,TYRION,74,7
DAENERYS,VARYS,65,7
BERIC,HOUND,63,7
JON,JORAH,59,7
HOUND,THOROS,57,7
HOUND,TORMUND,57,7
DAVOS,GENDRY,55,7
JON,TORMUND,50,7
DAVOS,TYRION,46,7
TYRION,VARYS,45,7
BRAN,SANSA,44,7
CERSEI,QYBURN,44,7
BERIC,JON,41,7
CERSEI,EURON,38,7
CERSEI,TYCHO,37,7
JAIME,OLENNA,37,7
JON,MISSANDEI,36,7
DAENERYS,MISSANDEI,35,7
JON,THEON,35,7
DAENERYS,JORAH,34,7
JAIME,TYRION,34,7
ARYA,HOT_PIE,33,7
CERSEI,DAENERYS,33,7
CERSEI,MOUNTAIN,33,7
DAENERYS,DAVOS,33,7
JAIME,RANDYLL,33,7
DAVOS,MISSANDEI,31,7
GREY_WORM,MISSANDEI,31,7
MISSANDEI,TYRION,31,7
BERIC,THOROS,30,7
GENDRY,JON,30,7
BRIENNE,SANSA,29,7
BERIC,TORMUND,27,7
HOUND,JON,27,7
JORAH,SAM,27,7
EURON,JAIME,26,7
HOUND,JORAH,26,7
BRIENNE,PODRICK,25,7
DICKON,RANDYLL,25,7
ELLARIA,YARA,25,7
JAIME,QYBURN,25,7
ARYA,LITTLEFINGER,24,7
CERSEI,JON,24,7
DICKON,JAIME,24,7
HARRAG,THEON,24,7
JORAH,TORMUND,24,7
THEON,YARA,24,7
JAIME,MOUNTAIN,23,7
SANSA,YOHN_ROYCE,23,7
ARYA,BRAN,21,7
BRAN,MEERA,21,7
BRAN,SAM,21,7
CERSEI,ELLARIA,21,7
ELLARIA,TYENE,21,7
JON,NED,21,7
MELISANDRE,VARYS,21,7
MISSANDEI,VARYS,21,7
DAENERYS,JAIME,20,7
GILLY,SAM,20,7
JON,LITTLEFINGER,20,7
ARYA,BRIENNE,19,7
BRAN,LITTLEFINGER,19,7
BRONN,TYRION,19,7
EURON,YARA,19,7
JORAH,THOROS,19,7
BERIC,JORAH,18,7
BRIENNE,HOUND,18,7
EURON,THEON,18,7
GENDRY,HOUND,18,7
GREY_WORM,TYRION,18,7
JON,VARYS,18,7
JON,NIGHT_KING,17,7
JORAH,TYRION,17,7
SANSA,MAESTER_WOLKAN,17,7
DAENERYS,OLENNA,16,7
JORAH,MARWYN,16,7
CERSEI,TYENE,15,7
CERSEI,TYWIN,15,7
GENDRY,TORMUND,15,7
BRIENNE,LITTLEFINGER,14,7
DAENERYS,RANDYLL,14,7
DAVOS,JORAH,14,7
GENDRY,THOROS,14,7
GREY_WORM,VARYS,14,7
MOUNTAIN,QYBURN,14,7
NED,SANSA,14,7
DAENERYS,GREY_WORM,13,7
DAENERYS,MELISANDRE,13,7
GENDRY,JORAH,13,7
DAVOS,THEON,12,7
JON,THOROS,12,7
PODRICK,TYRION,12,7
AERYS,DAENERYS,11,7
BERIC,GENDRY,11,7
BRONN,DICKON,11,7
LITTLEFINGER,MAESTER_WOLKAN,11,7
LITTLEFINGER,YOHN_ROYCE,11,7
LYANNA_MORMONT,ROBETT,11,7
THOROS,TORMUND,11,7
BRIENNE,JAIME,10,7
DAENERYS,DICKON,10,7
DAENERYS,NIGHT_KING,10,7
DAVOS,VARYS,10,7
MISSANDEI,THEON,10,7
MOUNTAIN,TYRION,10,7
THEON,TYRION,10,7
TYRION,TYWIN,10,7
ARYA,JON,9,7
BRIENNE,JON,9,7
CERSEI,SANSA,9,7
DAVOS,SANSA,9,7
EURON,MOUNTAIN,9,7
HOUND,TYRION,9,7
NYMERIA,OBARA,9,7
ARYA,NED,8,7
BERIC,NIGHT_KING,8,7
BRAN,JON,8,7
BRONN,DAENERYS,8,7
BRONN,PODRICK,8,7
BRONN,RANDYLL,8,7
ELLARIA,THEON,8,7
EURON,TYRION,8,7
JON,ROBETT,8,7
ROBETT,YOHN_ROYCE,8,7
BENJEN,JON,7,7
BRAN,LYANNA,7,7
BRAN,MAESTER_WOLKAN,7,7
CERSEI,JOFFREY,7,7
DAENERYS,EURON,7,7
DAENERYS,THEON,7,7
DAVOS,TORMUND,7,7
ELLARIA,TYRION,7,7
JORAH,MISSANDEI,7,7
JORAH,THEON,7,7
LYANNA,RHAEGAR,7,7
LYANNA_MORMONT,SANSA,7,7
OBARA,TYENE,7,7
PODRICK,SANSA,7,7
RANDYLL,TYRION,7,7
ROBETT,SANSA,7,7
ARYA,JOFFREY,6,7
ARYA,YOHN_ROYCE,6,7
BRIENNE,TORMUND,6,7
CERSEI,RANDYLL,6,7
DAENERYS,HOUND,6,7
ELLARIA,MOUNTAIN,6,7
ELLARIA,QYBURN,6,7
EURON,TYENE,6,7
GENDRY,ROBERT,6,7
GILLY,LITTLE_SAM,6,7
JAIME,JON,6,7
JOFFREY,SANSA,6,7
JON,LYANNA_MORMONT,6,7
JORAH,VARYS,6,7
LITTLE_SAM,SAM,6,7
LITTLEFINGER,ROBETT,6,7
LYANNA_MORMONT,YOHN_ROYCE,6,7
NIGHT_KING,TORMUND,6,7
THEON,VARYS,6,7
TYENE,YARA,6,7
AERYS,CERSEI,5,7
AERYS,JON,5,7
ALYS,NED_UMBER,5,7
ARYA,CATELYN,5,7
ARYA,CERSEI,5,7
ARYA,MAESTER_WOLKAN,5,7
ARYA,PODRICK,5,7
BRIENNE,BRONN,5,7
BRONN,CERSEI,5,7
CERSEI,NED,5,7
CERSEI,OLENNA,5,7
DAENERYS,TORMUND,5,7
DAVOS,HOUND,5,7
ELLARIA,EURON,5,7
EURON,JON,5,7
HOUND,MOUNTAIN,5,7
HOUND,NIGHT_KING,5,7
JOFFREY,NED,5,7
JOFFREY,TYWIN,5,7
JON,MAESTER_WOLKAN,5,7
JON,MOUNTAIN,5,7
JON,PODRICK,5,7
JON,YOHN_ROYCE,5,7
LITTLEFINGER,PODRICK,5,7
NED,ROBB,5,7
QYBURN,TYENE,5,7
AERYS,TYRION,4,7
ARYA,ROBETT,4,7
BERIC,DAENERYS,4,7
BRAN,EDDISON_TOLLETT,4,7
BRAN,NED,4,7
BRAN,RHAEGAR,4,7
BRIENNE,CERSEI,4,7
BRIENNE,DAVOS,4,7
BRIENNE,LYANNA_MORMONT,4,7
BRIENNE,ROBETT,4,7
BRIENNE,TYRION,4,7
BRIENNE,YOHN_ROYCE,4,7
CATELYN,LITTLEFINGER,4,7
CERSEI,DAVOS,4,7
CERSEI,HOUND,4,7
CERSEI,MYRCELLA,4,7
CERSEI,THEON,4,7
DAVOS,LITTLEFINGER,4,7
DAVOS,PODRICK,4,7
DICKON,TYRION,4,7
EDDISON_TOLLETT,MEERA,4,7
ELLARIA,OBARA,4,7
EURON,NYMERIA,4,7
EURON,OBARA,4,7
EURON,QYBURN,4,7
GENDRY,TYRION,4,7
GREY_WORM,THEON,4,7
HOUND,THEON,4,7
JAIME,TYWIN,4,7
JEOR,JON,4,7
JEOR,JORAH,4,7
JEOR,SAM,4,7
JOFFREY,TYRION,4,7
JON,LYANNA,4,7
JON,MELISANDRE,4,7
JON,NED_UMBER,4,7
JON,QYBURN,4,7
JORAH,NIGHT_KING,4,7
LITTLEFINGER,LYANNA_MORMONT,4,7
LITTLEFINGER,NED,4,7
LYANNA,NED,4,7
LYSA,SANSA,4,7
MAESTER_WOLKAN,YOHN_ROYCE,4,7
MELISANDRE,TYRION,4,7
MOUNTAIN,OBERYN,4,7
MOUNTAIN,TYENE,4,7
NYMERIA,TYENE,4,7
NYMERIA,YARA,4,7
OBARA,YARA,4,7
OLENNA,RANDYLL,4,7
OLENNA,TYRION,4,7
PODRICK,TORMUND,4,7
QYBURN,TYRION,4,7
ROBB,SANSA,4,7
AEGON,DAENERYS,3,7
AERYS,VARYS,3,7
ALYS,JON,3,7
ARYA,LYANNA_MORMONT,3,7
ARYA,ROBB,3,7
ARYA,ROBERT,3,7
BALERION,QYBURN,3,7
BERIC,DAVOS,3,7
BRAN,DAENERYS,3,7
BRAN,YOHN_ROYCE,3,7
BRIENNE,MOUNTAIN,3,7
BRIENNE,QYBURN,3,7
BRIENNE,THEON,3,7
BRONN,DAVOS,3,7
BRONN,HOUND,3,7
BRONN,JON,3,7
BRONN,VARYS,3,7
CATELYN,SANSA,3,7
CERSEI,OBERYN,3,7
DAENERYS,ELLARIA,3,7
DAENERYS,NED,3,7
DAENERYS,VISERYS,3,7
DAENERYS,YARA,3,7
DAVOS,EURON,3,7
DAVOS,JAIME,3,7
DAVOS,LYANNA_MORMONT,3,7
DAVOS,NIGHT_KING,3,7
DAVOS,ROBERT,3,7
ELLARIA,OLENNA,3,7
ELLARIA,VARYS,3,7
HARRAG,YARA,3,7
HOUND,JAIME,3,7
HOUND,PODRICK,3,7
HOUND,QYBURN,3,7
HOUND,VARYS,3,7
JAIME,JOFFREY,3,7
JAIME,TOMMEN,3,7
JOFFREY,OLENNA,3,7
JON,SAM,3,7
LITTLEFINGER,MEERA,3,7
LITTLEFINGER,TORMUND,3,7
MOUNTAIN,THEON,3,7
NED,ROBERT,3,7
RAMSAY,SANSA,3,7
ROBERT,VARYS,3,7
SANSA,TORMUND,3,7
SANSA,TYRION,3,7
THEON,TYENE,3,7
TYCHO,TYWIN,3,7
TYRION,YARA,3,7
AERYS,NED,2,7
AERYS,OLENNA,2,7
AERYS,SANSA,2,7
ARYA,WALDER,2,7
BALERION,CERSEI,2,7
BERIC,NED,2,7
BRAN,BRIENNE,2,7
BRAN,NIGHT_KING,2,7
BRAN,PODRICK,2,7
BRAN,TYRION,2,7
BRIENNE,EURON,2,7
BRIENNE,HOT_PIE,2,7
BRIENNE,JORAH,2,7
BRIENNE,QHONO,2,7
BRIENNE,VARYS,2,7
BRONN,GREY_WORM,2,7
BRONN,JORAH,2,7
BRONN,OLENNA,2,7
BRONN,THEON,2,7
CATELYN,TYRION,2,7
CERSEI,LITTLEFINGER,2,7
CERSEI,NIGHT_KING,2,7
CERSEI,ROBB,2,7
CERSEI,VARYS,2,7
CERSEI,YARA,2,7
DAENERYS,DROGO,2,7
DAENERYS,GENDRY,2,7
DAENERYS,LITTLEFINGER,2,7
DAENERYS,MOUNTAIN,2,7
DAENERYS,QYBURN,2,7
DAENERYS,ROBERT,2,7
DAENERYS,TYWIN,2,7
DAVOS,GREY_WORM,2,7
DAVOS,MOUNTAIN,2,7
DAVOS,QYBURN,2,7
DAVOS,ROBETT,2,7
DAVOS,YOHN_ROYCE,2,7
DICKON,OLENNA,2,7
DICKON,SAM,2,7
DROGO,JON,2,7
DROGO,JORAH,2,7
ELLARIA,GREY_WORM,2,7
ELLARIA,JAIME,2,7
ELLARIA,MISSANDEI,2,7
ELLARIA,NYMERIA,2,7
ELLARIA,OBERYN,2,7
EURON,HOUND,2,7
GENDRY,MELISANDRE,2,7
GREY_WORM,JAIME,2,7
GREY_WORM,JON,2,7
GREY_WORM,JORAH,2,7
GREY_WORM,MELISANDRE,2,7
GREY_WORM,OLENNA,2,7
GREY_WORM,YARA,2,7
HIGH_SEPTON,SAM,2,7
HOT_PIE,JON,2,7
HOUND,MISSANDEI,2,7
HOUND,QHONO,2,7
HOUND,WHITE_WALKER,2,7
HOWLAND,MEERA,2,7
JAIME,SANSA,2,7
JAIME,THEON,2,7
JAIME,TYENE,2,7
JEOR,TYRION,2,7
JOANNA,TYWIN,2,7
JOFFREY,ROBB,2,7
JOFFREY,ROBERT,2,7
JOFFREY,TOMMEN,2,7
JON,ROBB,2,7
JON,WHITE_WALKER,2,7
JON_ARRYN,LYSA,2,7
JON_ARRYN,SANSA,2,7
JORAH,PODRICK,2,7
JORAH,WHITE_WALKER,2,7
LYANNA_MORMONT,PODRICK,2,7
LYANNA_MORMONT,TORMUND,2,7
MARGAERY,OLENNA,2,7
MARWYN,MAESTER_WOLKAN,2,7
MARWYN,ROBERT,2,7
MARWYN,SHIREEN,2,7
MEERA,NED,2,7
MELISANDRE,MISSANDEI,2,7
MELISANDRE,THOROS,2,7
MISSANDEI,OLENNA,2,7
MISSANDEI,YARA,2,7
MOUNTAIN,MYRCELLA,2,7
MOUNTAIN,RANDYLL,2,7
MYRCELLA,OBERYN,2,7
NED,TYRION,2,7
NIGHT_KING,TYRION,2,7
NYMERIA,THEON,2,7
OBARA,THEON,2,7
OLENNA,THEON,2,7
OLENNA,VARYS,2,7
OLENNA,YARA,2,7
PODRICK,QHONO,2,7
PODRICK,ROBETT,2,7
PODRICK,THEON,2,7
PODRICK,VARYS,2,7
PODRICK,YOHN_ROYCE,2,7
QHONO,TYRION,2,7
QYBURN,RANDYLL,2,7
QYBURN,THEON,2,7
RHAEGAR,ROBERT,2,7
ROBB,ROBERT,2,7
ROBERT,SAM,2,7
ROBERT,SANSA,2,7
ROBETT,TORMUND,2,7
SAM,STANNIS,2,7
TORMUND,WHITE_WALKER,2,7
TORMUND,YOHN_ROYCE,2,7
VARYS,YARA,2,7
DAENERYS,JON,194,8
DAENERYS,TYRION,122,8
JAIME,TYRION,122,8
BRIENNE,JAIME,121,8
JON,TYRION,116,8
TYRION,VARYS,114,8
SANSA,TYRION,86,8
DAVOS,TYRION,72,8
DAENERYS,SANSA,71,8
ARYA,GENDRY,70,8
ARYA,JON,70,8
JON,SANSA,70,8
JON,SAM,66,8
ARYA,HOUND,63,8
BRAN,TYRION,55,8
ARYA,SANSA,52,8
DAENERYS,JORAH,51,8
GREY_WORM,JON,50,8
JON,TORMUND,50,8
JON,VARYS,49,8
DAVOS,JON,47,8
BRIENNE,TYRION,46,8
DAENERYS,VARYS,44,8
CERSEI,QYBURN,41,8
BRIENNE,TORMUND,40,8
BRONN,TYRION,40,8
CERSEI,EURON,40,8
GREY_WORM,TYRION,40,8
JAIME,TORMUND,38,8
DAENERYS,GREY_WORM,37,8
CERSEI,DAENERYS,36,8
BERIC,HOUND,34,8
BRIENNE,PODRICK,31,8
CERSEI,JAIME,31,8
BRAN,JON,30,8
SAM,TORMUND,30,8
BRAN,SANSA,28,8
JAIME,PODRICK,28,8
BRAN,THEON,27,8
DAVOS,GREY_WORM,27,8
GREY_WORM,MISSANDEI,27,8
HOUND,MOUNTAIN,27,8
CERSEI,TYRION,26,8
DAENERYS,SAM,26,8
GENDRY,HOUND,26,8
JORAH,SAM,26,8
BERIC,TORMUND,24,8
BRAN,JAIME,24,8
BRIENNE,SANSA,24,8
CERSEI,MOUNTAIN,24,8
SAM,TYRION,24,8
BRAN,SAM,23,8
BRIENNE,GREY_WORM,23,8
BRIENNE,SAM,23,8
DAENERYS,JAIME,23,8
DAENERYS,MISSANDEI,23,8
GREY_WORM,SAM,23,8
GREY_WORM,TORMUND,23,8
ARYA,DAVOS,22,8
ARYA,NORA,22,8
HOUND,TORMUND,22,8
NORA,VICKY,22,8
SANSA,VARYS,22,8
ARYA,BRAN,21,8
ARYA,DAENERYS,21,8
DAENERYS,GENDRY,21,8
MISSANDEI,TYRION,21,8
BRONN,QYBURN,20,8
PODRICK,TORMUND,20,8
DAVOS,TORMUND,19,8
GENDRY,TORMUND,19,8
GREY_WORM,JAIME,19,8
JAIME,SAM,19,8
JON,NIGHT_KING,19,8
QYBURN,TYRION,19,8
TORMUND,TYRION,19,8
ARYA,BERIC,18,8
BRIENNE,DAVOS,18,8
GREY_WORM,SANSA,18,8
GREY_WORM,VARYS,18,8
JORAH,TORMUND,18,8
PODRICK,TYRION,18,8
DAENERYS,DAVOS,17,8
DAVOS,SANSA,17,8
EURON,JAIME,17,8
GENDRY,SAM,17,8
JORAH,LYANNA_MORMONT,17,8
BRAN,DAENERYS,16,8
DAENERYS,TORMUND,16,8
EDDISON_TOLLETT,SAM,16,8
GENDRY,GREY_WORM,16,8
BERIC,SAM,15,8
BRAN,GREY_WORM,15,8
BRAN,NIGHT_KING,15,8
MISSANDEI,VARYS,15,8
ARYA,VICKY,14,8
DAVOS,SAM,14,8
DAVOS,VARYS,14,8
HOUND,SANSA,14,8
JAIME,JORAH,14,8
JAIME,SANSA,14,8
MISSANDEI,SANSA,14,8
SANSA,YOHN_ROYCE,14,8
ARYA,GREY_WORM,13,8
ARYA,MELISANDRE,13,8
BERIC,JORAH,13,8
BRIENNE,GENDRY,13,8
BRIENNE,JORAH,13,8
BRONN,JAIME,13,8
EDDISON_TOLLETT,TORMUND,13,8
GENDRY,JAIME,13,8
LYANNA_MORMONT,SAM,13,8
BERIC,GREY_WORM,12,8
CRAYAH,DIRAH,12,8
MOUNTAIN,QYBURN,12,8
SAM,SANSA,12,8
SANSA,MAESTER_WOLKAN,12,8
ARYA,TYRION,11,8
BRAN,BRIENNE,11,8
BRIENNE,DAENERYS,11,8
BRIENNE,JON,11,8
CERSEI,HARRY,11,8
DAENERYS,THEON,11,8
GILLY,SAM,11,8
GREY_WORM,JORAH,11,8
JAIME,JON,11,8
JON,JORAH,11,8
JON,LYANNA_MORMONT,11,8
JON,MISSANDEI,11,8
JORAH,MELISANDRE,11,8
MARTHA,VARYS,11,8
SANSA,THEON,11,8
ARYA,SAM,10,8
BERIC,BRIENNE,10,8
BRONN,DAVOS,10,8
DAENERYS,EURON,10,8
DAENERYS,MAESTER_WOLKAN,10,8
DAENERYS,NIGHT_KING,10,8
DAVOS,JAIME,10,8
DAVOS,MELISANDRE,10,8
HOUND,JAIME,10,8
JAIME,LYANNA_MORMONT,10,8
JORAH,SANSA,10,8
JORAH,TYRION,10,8
SANSA,TORMUND,10,8
BERIC,EDDISON_TOLLETT,9,8
BERIC,JAIME,9,8
BRAN,DAVOS,9,8
BRIENNE,VARYS,9,8
CERSEI,MISSANDEI,9,8
DAVOS,PODRICK,9,8
GILLY,JON,9,8
GILLY,LITTLE_SAM,9,8
HOUND,JORAH,9,8
JON,LYANNA,9,8
JORAH,VARYS,9,8
TYRION,MAESTER_WOLKAN,9,8
TYRION,YOHN_ROYCE,9,8
ALYS,TYRION,8,8
BERIC,JON,8,8
BRAN,VARYS,8,8
BRONN,SAM,8,8
EDDISON_TOLLETT,JON,8,8
EURON,YARA,8,8
GENDRY,JORAH,8,8
GENDRY,PODRICK,8,8
GILLY,SANSA,8,8
GILLY,TYRION,8,8
GILLY,VARYS,8,8
HOUND,MELISANDRE,8,8
HOUND,SAM,8,8
NIGHT_KING,THEON,8,8
PODRICK,SAM,8,8
THEON,YARA,8,8
ARYA,TORMUND,7,8
ARYA,VARYS,7,8
BRIENNE,HOUND,7,8
BRIENNE,LYANNA_MORMONT,7,8
BRONN,CRAYAH,7,8
DAENERYS,HOUND,7,8
DAENERYS,LYANNA_MORMONT,7,8
GENDRY,JON,7,8
GREY_WORM,LYANNA_MORMONT,7,8
GREY_WORM,PODRICK,7,8
JAIME,VARYS,7,8
JON,NED,7,8
JON,RHAEGAR,7,8
LYANNA_MORMONT,SANSA,7,8
LYANNA_MORMONT,TYRION,7,8
ALYS,DAVOS,6,8
ALYS,VARYS,6,8
ARYA,BRIENNE,6,8
BERIC,GENDRY,6,8
BERIC,MELISANDRE,6,8
BRAN,JORAH,6,8
BRAN,MISSANDEI,6,8
BRAN,YOHN_ROYCE,6,8
BRIENNE,MAESTER_WOLKAN,6,8
BRIENNE,MISSANDEI,6,8
BRIENNE,YOHN_ROYCE,6,8
CERSEI,HOUND,6,8
DAENERYS,YOHN_ROYCE,6,8
DAVOS,GENDRY,6,8
DAVOS,GILLY,6,8
DAVOS,MAESTER_WOLKAN,6,8
DAVOS,YOHN_ROYCE,6,8
EURON,MOUNTAIN,6,8
EURON,QYBURN,6,8
GENDRY,TYRION,6,8
GREY_WORM,HOUND,6,8
GREY_WORM,QHONO,6,8
JON,MAESTER_WOLKAN,6,8
LITTLE_SAM,SANSA,6,8
LITTLE_SAM,TYRION,6,8
LITTLE_SAM,VARYS,6,8
LYANNA_MORMONT,TORMUND,6,8
QHONO,SAM,6,8
SAM,VARYS,6,8
SAM,YOHN_ROYCE,6,8
TORMUND,VARYS,6,8
ALYS,BRAN,5,8
ALYS,DAENERYS,5,8
ALYS,GREY_WORM,5,8
ALYS,JON,5,8
ALYS,JORAH,5,8
ALYS,LYANNA_MORMONT,5,8
ALYS,SANSA,5,8
ARYA,CERSEI,5,8
ARYA,JORAH,5,8
ARYA,MISSANDEI,5,8
BRAN,LYANNA_MORMONT,5,8
BRIENNE,BRONN,5,8
BRONN,DIRAH,5,8
BRONN,MAREI,5,8
CERSEI,GREY_WORM,5,8
EDMURE,SANSA,5,8
GENDRY,ROBERT,5,8
GENDRY,SANSA,5,8
GILLY,TORMUND,5,8
GREY_WORM,MELISANDRE,5,8
GREY_WORM,YOHN_ROYCE,5,8
JOFFREY,TYRION,5,8
LYANNA_MORMONT,VARYS,5,8
MELISANDRE,TORMUND,5,8
MISSANDEI,MOUNTAIN,5,8
SAM,MAESTER_WOLKAN,5,8
THEON,TYRION,5,8
TORMUND,WILLA,5,8
TYRION,TYWIN,5,8
VARYS,MAESTER_WOLKAN,5,8
ALYS,BRIENNE,4,8
ALYS,JAIME,4,8
ALYS,SAM,4,8
ALYS,THEON,4,8
ALYS,YOHN_ROYCE,4,8
ARYA,LYANNA_MORMONT,4,8
ARYA,MAESTER_WOLKAN,4,8
ARYA,OWEN,4,8
ARYA,QHONO,4,8
ARYA,THEON,4,8
ARYA,YOHN_ROYCE,4,8
BERIC,DAENERYS,4,8
BERIC,DAVOS,4,8
BERIC,LYANNA_MORMONT,4,8
BERIC,SANSA,4,8
BRAN,GENDRY,4,8
BRAN,MAESTER_WOLKAN,4,8
BRAN,QHONO,4,8
BRAN,TORMUND,4,8
BRIENNE,QHONO,4,8
BRONN,CERSEI,4,8
DAENERYS,MOUNTAIN,4,8
DAENERYS,PODRICK,4,8
DAENERYS,QHONO,4,8
DAENERYS,QYBURN,4,8
DAENERYS,VISERYS,4,8
DAVOS,JORAH,4,8
DAVOS,LYANNA_MORMONT,4,8
DAVOS,MISSANDEI,4,8
DAVOS,QHONO,4,8
DAVOS,TEELA,4,8
DORNISH_PRINCE,YARA,4,8
EDDISON_TOLLETT,GREY_WORM,4,8
EDDISON_TOLLETT,JORAH,4,8
EDMURE,YOHN_ROYCE,4,8
EURON,HARRY,4,8
EURON,MISSANDEI,4,8
EURON,TYRION,4,8
GILLY,MISSANDEI,4,8
GREY_WORM,MAESTER_WOLKAN,4,8
HOUND,JON,4,8
HOUND,NORA,4,8
HOUND,PODRICK,4,8
HOUND,QYBURN,4,8
JAIME,QHONO,4,8
JAIME,YOHN_ROYCE,4,8
JON,QHONO,4,8
JON,THEON,4,8
JON,YOHN_ROYCE,4,8
JORAH,MISSANDEI,4,8
JORAH,PODRICK,4,8
JORAH,QHONO,4,8
JORAH,YOHN_ROYCE,4,8
LYANNA,NED,4,8
LYANNA,RHAEGAR,4,8
LYANNA_MORMONT,QHONO,4,8
LYANNA_MORMONT,THEON,4,8
LYANNA_MORMONT,YOHN_ROYCE,4,8
MAESTER_WOLKAN,YOHN_ROYCE,4,8
MISSANDEI,SAM,4,8
QHONO,SANSA,4,8
QHONO,TORMUND,4,8
QHONO,TYRION,4,8
QHONO,VARYS,4,8
ROBIN,MAESTER_WOLKAN,4,8
SAM,THEON,4,8
SANSA,YARA,4,8
VARYS,YOHN_ROYCE,4,8
ALYS,ARYA,3,8
ALYS,MAESTER_WOLKAN,3,8
ALYS,TORMUND,3,8
ARYA,JAIME,3,8
ARYA,NIGHT_KING,3,8
ARYA,YARA,3,8
BERIC,BRAN,3,8
BERIC,NED_UMBER,3,8
BERIC,THEON,3,8
BERIC,TYRION,3,8
BERIC,VARYS,3,8
BRAN,BRONN,3,8
BRAN,PODRICK,3,8
BRIENNE,EDDISON_TOLLETT,3,8
CERSEI,JON,3,8
CERSEI,SANSA,3,8
CERSEI,TYWIN,3,8
CERSEI,VARYS,3,8
CRAYAH,MAREI,3,8
CRAYAH,QYBURN,3,8
DAENERYS,RANDYLL,3,8
DAENERYS,YARA,3,8
DAVOS,HOUND,3,8
DAVOS,THEON,3,8
DIRAH,MAREI,3,8
DORNISH_PRINCE,ROBIN,3,8
EDDISON_TOLLETT,GENDRY,3,8
EDDISON_TOLLETT,HOUND,3,8
EDDISON_TOLLETT,JAIME,3,8
EDMURE,MAESTER_WOLKAN,3,8
EDMURE,RIVERLANDS_LORD,3,8
EDMURE,ROBIN,3,8
EDMURE,SAM,3,8
EDMURE,TYRION,3,8
GENDRY,VALE_LORD,3,8
GENDRY,YOHN_ROYCE,3,8
GREY_WORM,MOUNTAIN,3,8
GREY_WORM,THEON,3,8
GREY_WORM,UNSULLIED_CAPTAIN,3,8
GREY_WORM,YARA,3,8
HOUND,SARRA,3,8
HOUND,VICKY,3,8
IRONBORN_LORD,VALE_LORD,3,8
IRONBORN_LORD,YARA,3,8
JAIME,MISSANDEI,3,8
JON,ROBERT,3,8
JORAH,THEON,3,8
LYANNA,VARYS,3,8
LYANNA_MORMONT,MISSANDEI,3,8
MARWYN,SAM,3,8
MISSANDEI,QYBURN,3,8
MOUNTAIN,TYRION,3,8
NED,RHAEGAR,3,8
NED,SANSA,3,8
NED_UMBER,SANSA,3,8
RANDYLL,SAM,3,8
RHAEGAR,VARYS,3,8
RIVERLANDS_LORD,YOHN_ROYCE,3,8
ROBIN,SAM,3,8
ROBIN,SANSA,3,8
ROBIN,YOHN_ROYCE,3,8
THEON,TORMUND,3,8
THEON,VARYS,3,8
AEGON,DAENERYS,2,8
AERYS,DAENERYS,2,8
AERYS,JON,2,8
ALANNA,OWEN,2,8
ALTON,JAIME,2,8
ALYS,BERIC,2,8
ALYS,GENDRY,2,8
ALYS,MISSANDEI,2,8
ALYS,QHONO,2,8
ARYA,DORNISH_PRINCE,2,8
ARYA,EDDISON_TOLLETT,2,8
ARYA,EDMURE,2,8
ARYA,IRONBORN_LORD,2,8
ARYA,MOUNTAIN,2,8
ARYA,PODRICK,2,8
ARYA,RIVERLANDS_LORD,2,8
ARYA,ROBIN,2,8
ARYA,VALE_LORD,2,8
BERIC,GILLY,2,8
BERIC,NIGHT_KING,2,8
BERIC,PODRICK,2,8
BERIC,QHONO,2,8
BERIC,TEELA,2,8
BERIC,YOHN_ROYCE,2,8
BRAN,DORNISH_PRINCE,2,8
BRAN,EDMURE,2,8
BRAN,IRONBORN_LORD,2,8
BRAN,RIVERLANDS_LORD,2,8
BRAN,ROBIN,2,8
BRAN,VALE_LORD,2,8
BRAN,YARA,2,8
BRIENNE,CATELYN,2,8
BRIENNE,DORNISH_PRINCE,2,8
BRIENNE,EDMURE,2,8
BRIENNE,IRONBORN_LORD,2,8
BRIENNE,RIVERLANDS_LORD,2,8
BRIENNE,ROBIN,2,8
BRIENNE,THEON,2,8
BRIENNE,VALE_LORD,2,8
BRIENNE,YARA,2,8
BRONN,DAENERYS,2,8
BRONN,JOFFREY,2,8
CERSEI,CERSEIS_BABY,2,8
CERSEI,ROBERT,2,8
CERSEIS_BABY,JAIME,2,8
CERSEIS_BABY,TYRION,2,8
CRAYAH,WILLIAM,2,8
DAENERYS,DICKON,2,8
DAENERYS,EDDISON_TOLLETT,2,8
DAENERYS,LYANNA,2,8
DAENERYS,NED_UMBER,2,8
DAENERYS,ROBERT,2,8
DAENERYS,TYWIN,2,8
DAVOS,DORNISH_PRINCE,2,8
DAVOS,EDDISON_TOLLETT,2,8
DAVOS,EDMURE,2,8
DAVOS,HARRY,2,8
DAVOS,IRONBORN_LORD,2,8
DAVOS,RIVERLANDS_LORD,2,8
DAVOS,ROBIN,2,8
DAVOS,VALE_LORD,2,8
DAVOS,YARA,2,8
DICKON,RANDYLL,2,8
DICKON,SAM,2,8
DORNISH_PRINCE,EDMURE,2,8
DORNISH_PRINCE,GENDRY,2,8
DORNISH_PRINCE,GREY_WORM,2,8
DORNISH_PRINCE,IRONBORN_LORD,2,8
DORNISH_PRINCE,MAESTER_WOLKAN,2,8
DORNISH_PRINCE,RIVERLANDS_LORD,2,8
DORNISH_PRINCE,SAM,2,8
DORNISH_PRINCE,SANSA,2,8
DORNISH_PRINCE,TYRION,2,8
DORNISH_PRINCE,VALE_LORD,2,8
DORNISH_PRINCE,YOHN_ROYCE,2,8
EDDISON_TOLLETT,GILLY,2,8
EDDISON_TOLLETT,LYANNA_MORMONT,2,8
EDDISON_TOLLETT,NED_UMBER,2,8
EDDISON_TOLLETT,SANSA,2,8
EDDISON_TOLLETT,TEELA,2,8
EDMURE,GENDRY,2,8
EDMURE,GREY_WORM,2,8
EDMURE,IRONBORN_LORD,2,8
EDMURE,VALE_LORD,2,8
EDMURE,YARA,2,8
EURON,GREY_WORM,2,8
EURON,THEON,2,8
EURON,VARYS,2,8
GENDRY,IRONBORN_LORD,2,8
GENDRY,LYANNA_MORMONT,2,8
GENDRY,MAESTER_WOLKAN,2,8
GENDRY,QHONO,2,8
GENDRY,RIVERLANDS_LORD,2,8
GENDRY,ROBIN,2,8
GENDRY,YARA,2,8
GILLY,PODRICK,2,8
GILLY,TEELA,2,8
GREY_WORM,HARRY,2,8
GREY_WORM,IRONBORN_LORD,2,8
GREY_WORM,RIVERLANDS_LORD,2,8
GREY_WORM,ROBIN,2,8
GREY_WORM,VALE_LORD,2,8
HARRY,JON,2,8
HOUND,TYRION,2,8
HOUND,WILLA,2,8
IRONBORN_LORD,MAESTER_WOLKAN,2,8
IRONBORN_LORD,RIVERLANDS_LORD,2,8
IRONBORN_LORD,ROBIN,2,8
IRONBORN_LORD,SAM,2,8
IRONBORN_LORD,SANSA,2,8
IRONBORN_LORD,TYRION,2,8
IRONBORN_LORD,YOHN_ROYCE,2,8
JAIME,MAESTER_WOLKAN,2,8
JAIME,QYBURN,2,8
JAIME,THEON,2,8
JAIME,TYWIN,2,8
JOFFREY,SANSA,2,8
JON,PODRICK,2,8
JON,TEELA,2,8
JON,UNSULLIED_CAPTAIN,2,8
LITTLE_SAM,MISSANDEI,2,8
LITTLE_SAM,PODRICK,2,8
LITTLE_SAM,SAM,2,8
LITTLEFINGER,RAMSAY,2,8
LYANNA,ROBERT,2,8
LYANNA,SAM,2,8
MAESTER_WOLKAN,YARA,2,8
MELISANDRE,QHONO,2,8
MISSANDEI,MAESTER_WOLKAN,2,8
MISSANDEI,PODRICK,2,8
MISSANDEI,QHONO,2,8
MISSANDEI,YOHN_ROYCE,2,8
MOUNTAIN,VARYS,2,8
NED,ROBERT,2,8
NED,VARYS,2,8
NED_UMBER,TORMUND,2,8
PODRICK,SANSA,2,8
PODRICK,THEON,2,8
PODRICK,VARYS,2,8
QHONO,MAESTER_WOLKAN,2,8
QHONO,THEON,2,8
QHONO,YOHN_ROYCE,2,8
RHAEGAR,SAM,2,8
RIVERLANDS_LORD,MAESTER_WOLKAN,2,8
RIVERLANDS_LORD,ROBIN,2,8
RIVERLANDS_LORD,SAM,2,8
RIVERLANDS_LORD,SANSA,2,8
RIVERLANDS_LORD,TYRION,2,8
RIVERLANDS_LORD,VALE_LORD,2,8
RIVERLANDS_LORD,YARA,2,8
ROBERT,SAM,2,8
ROBIN,TYRION,2,8
ROBIN,VALE_LORD,2,8
ROBIN,YARA,2,8
SAM,TEELA,2,8
SAM,VALE_LORD,2,8
SAM,YARA,2,8
SANSA,SARRA,2,8
SANSA,VALE_LORD,2,8
SANSA,WILLA,2,8
SARRA,TORMUND,2,8
SARRA,WILLA,2,8
TEELA,TORMUND,2,8
THEON,MAESTER_WOLKAN,2,8
THEON,YOHN_ROYCE,2,8
TORMUND,YOHN_ROYCE,2,8
TYRION,VALE_LORD,2,8
TYRION,YARA,2,8
VALE_LORD,MAESTER_WOLKAN,2,8
VALE_LORD,YARA,2,8
VALE_LORD,YOHN_ROYCE,2,8
YARA,YOHN_ROYCE,2,8
